Chromosome,Position,Ref_count,Alt_count
chr1,1776022,73,46
chr1,2807530,54,40
chr1,3393561,88,25
chr1,4079721,61,30
chr1,4482488,71,49
chr1,4821082,67,46
chr1,4860114,71,29
chr1,5080936,65,35
chr1,6907870,64,44
chr1,6956754,95,7
chr1,8184802,58,37
chr1,8501271,60,3
chr1,9012571,58,29
chr1,9743758,57,43
chr1,10405398,46,35
chr1,10481360,55,38
chr1,11013178,132,5
chr1,11172351,74,5
chr1,11478936,56,40
chr1,13978718,65,28
chr1,14814494,73,37
chr1,14927018,73,46
chr1,15030260,54,41
chr1,15175921,70,38
chr1,15576219,65,43
chr1,15686471,88,7
chr1,15818931,87,4
chr1,16003497,49,38
chr1,16544740,115,9
chr1,16612914,403,35
chr1,16789717,40,23
chr1,16850315,110,23
chr1,16916979,180,31
chr1,17046656,55,49
chr1,17108229,54,46
chr1,17181578,86,4
chr1,17754585,39,38
chr1,18127770,54,37
chr1,19647943,70,47
chr1,19708384,111,12
chr1,20164686,66,56
chr1,20270625,49,35
chr1,21061741,22,18
chr1,21115422,63,40
chr1,21357383,103,8
chr1,21387720,16,5
chr1,21480415,46,4
chr1,24929186,77,47
chr1,26224583,76,42
chr1,26718702,60,48
chr1,27211885,68,26
chr1,28854582,53,29
chr1,29214367,53,47
chr1,30117181,112,7
chr1,30166732,76,28
chr1,32025927,69,7
chr1,32437209,107,5
chr1,32942181,103,52
chr1,33205695,62,48
chr1,33416411,42,33
chr1,34145364,65,40
chr1,34945074,50,35
chr1,36729867,98,28
chr1,37093494,72,66
chr1,38472628,68,35
chr1,39904713,70,28
chr1,41129786,63,37
chr1,41245843,50,38
chr1,41362569,69,31
chr1,41697495,93,4
chr1,43056189,54,38
chr1,45600880,53,39
chr1,48140581,65,49
chr1,48268117,51,30
chr1,49279894,75,50
chr1,49875571,40,4
chr1,55560376,69,35
chr1,55567260,112,9
chr1,56474583,65,42
chr1,56990523,44,28
chr1,57187901,57,45
chr1,58106623,73,43
chr1,59475330,62,48
chr1,60086243,46,28
chr1,60234103,54,33
chr1,61595557,44,29
chr1,62106077,16,8
chr1,62320087,53,42
chr1,63227294,27,18
chr1,64239045,29,4
chr1,64316094,68,41
chr1,66248655,57,39
chr1,67194292,49,45
chr1,67228017,54,14
chr1,67900432,60,4
chr1,68283424,50,42
chr1,70563757,82,40
chr1,70851542,61,48
chr1,70956600,65,34
chr1,71055195,63,45
chr1,71120112,65,47
chr1,71472430,70,33
chr1,72039649,69,43
chr1,72168013,52,34
chr1,72459177,69,43
chr1,72530168,63,26
chr1,72808707,70,34
chr1,73134346,52,7
chr1,73673827,72,45
chr1,74153455,57,33
chr1,74359658,61,46
chr1,74406595,65,49
chr1,74467593,54,51
chr1,74899815,41,45
chr1,74996159,53,37
chr1,75106859,72,21
chr1,75445533,67,50
chr1,77440255,63,45
chr1,77680388,68,50
chr1,78051942,62,33
chr1,78448809,62,42
chr1,78841630,57,32
chr1,79803515,63,37
chr1,80059440,59,42
chr1,80588659,53,39
chr1,81126773,66,48
chr1,82374241,62,47
chr1,83150429,116,8
chr1,83150436,116,8
chr1,83241868,71,9
chr1,83380268,71,33
chr1,84358709,73,45
chr1,84999109,78,36
chr1,87826720,66,43
chr1,87831938,49,57
chr1,88118557,67,43
chr1,88394101,76,30
chr1,88615001,87,27
chr1,90094795,73,32
chr1,90400213,113,4
chr1,90406191,100,9
chr1,90467778,85,4
chr1,90615643,90,30
chr1,90651323,47,31
chr1,90686898,66,44
chr1,90698892,82,33
chr1,91027505,80,45
chr1,91101648,82,28
chr1,91758026,64,44
chr1,94765413,58,42
chr1,95431035,64,33
chr1,96306388,100,9
chr1,96662074,77,27
chr1,96992527,58,25
chr1,100651107,61,39
chr1,101666460,49,40
chr1,102818486,56,31
chr1,103129022,55,43
chr1,103526393,45,41
chr1,103941866,53,48
chr1,104105546,74,48
chr1,104400018,57,46
chr1,104848701,29,6
chr1,104852215,53,37
chr1,104931635,45,48
chr1,104968995,65,41
chr1,105398138,76,51
chr1,105433874,52,48
chr1,106978620,66,29
chr1,107220016,61,42
chr1,108332403,66,42
chr1,108928988,34,29
chr1,109660095,84,44
chr1,110060391,62,24
chr1,112239947,126,5
chr1,113420701,57,44
chr1,113982794,68,48
chr1,114048047,61,40
chr1,115300734,77,33
chr1,115538383,104,6
chr1,115945128,50,46
chr1,116207520,57,42
chr1,117924898,70,36
chr1,118212529,50,49
chr1,118730514,89,6
chr1,118916208,69,29
chr1,119148618,50,40
chr1,120081621,90,8
chr1,120081647,93,10
chr1,120137913,113,6
chr1,120958633,106,6
chr1,121017426,107,9
chr1,121115815,16,5
chr1,121401056,175,7
chr1,121749400,74,6
chr1,121842924,23,4
chr1,122046519,13,5
chr1,122183980,19,4
chr1,122286793,25,6
chr1,122373038,43,6
chr1,122400065,7,3
chr1,122433160,22,11
chr1,122494358,24,9
chr1,122505725,18,4
chr1,122551132,13,16
chr1,122662536,44,6
chr1,122663444,24,6
chr1,122666470,30,8
chr1,122790185,24,7
chr1,122802770,19,7
chr1,122803841,47,4
chr1,122817882,110,7
chr1,122821714,6,4
chr1,122830453,38,5
chr1,122876749,17,2
chr1,122876766,19,2
chr1,122897104,60,5
chr1,123026095,23,8
chr1,123032746,33,8
chr1,123033053,41,5
chr1,123044111,12,6
chr1,123057217,25,3
chr1,123064863,74,17
chr1,123107179,46,6
chr1,123110286,25,6
chr1,123137072,43,5
chr1,123145408,32,4
chr1,123153422,22,6
chr1,123163932,30,7
chr1,123195973,19,6
chr1,123240769,8,3
chr1,123265269,29,6
chr1,123289328,68,5
chr1,123294702,3,3
chr1,123351909,14,5
chr1,123357569,51,5
chr1,123444534,43,6
chr1,123462494,71,6
chr1,123469844,61,2
chr1,123469876,47,3
chr1,123476031,29,8
chr1,123483647,17,13
chr1,123498807,89,8
chr1,123509646,12,4
chr1,123543801,82,6
chr1,123580253,61,5
chr1,123581621,56,13
chr1,123581654,43,7
chr1,123611597,28,8
chr1,123611791,76,8
chr1,123656316,85,8
chr1,123725129,62,8
chr1,123734109,28,4
chr1,123743889,37,4
chr1,123744918,24,7
chr1,123750149,86,4
chr1,123813014,46,5
chr1,123823904,82,5
chr1,123831997,68,7
chr1,123842010,36,5
chr1,123843328,92,7
chr1,123898162,21,2
chr1,123924120,40,7
chr1,123952640,41,4
chr1,123959588,76,4
chr1,123994908,164,7
chr1,124007028,53,4
chr1,124036902,59,4
chr1,124107257,51,4
chr1,124146331,44,4
chr1,124217261,16,4
chr1,124241191,67,3
chr1,124241207,67,3
chr1,124251455,27,6
chr1,124296891,35,5
chr1,124297567,225,5
chr1,124297584,243,5
chr1,124325577,16,3
chr1,124336434,20,2
chr1,124336450,19,2
chr1,124341697,50,5
chr1,124342685,72,6
chr1,124342696,67,6
chr1,124360010,41,8
chr1,124385269,57,4
chr1,124495392,121,11
chr1,124496104,19,11
chr1,124496114,20,11
chr1,124581130,41,7
chr1,124581133,41,7
chr1,124602718,51,4
chr1,124622755,90,6
chr1,124624270,27,4
chr1,124657034,76,6
chr1,124692300,35,5
chr1,124715720,54,6
chr1,124720806,17,5
chr1,124726657,19,4
chr1,124736226,55,13
chr1,124797775,51,5
chr1,124862319,95,8
chr1,124875968,48,4
chr1,125074699,136,20
chr1,125097625,90,12
chr1,143215223,108,11
chr1,143225315,201,50
chr1,143306567,68,13
chr1,143554541,112,7
chr1,143735850,99,7
chr1,144396480,58,23
chr1,145281027,20,6
chr1,145285670,20,16
chr1,145565530,57,29
chr1,146339520,52,18
chr1,146998862,87,17
chr1,147003978,51,4
chr1,147330772,50,44
chr1,150003594,69,44
chr1,150215123,38,51
chr1,151054371,61,40
chr1,152604043,11,40
chr1,153091272,63,42
chr1,154142357,52,32
chr1,154348151,91,5
chr1,155218802,51,43
chr1,155459802,67,54
chr1,155540716,102,22
chr1,157870073,65,4
chr1,158576766,32,43
chr1,158827686,59,16
chr1,158878583,60,7
chr1,159077905,26,35
chr1,160693020,126,9
chr1,161654900,54,7
chr1,162080155,65,43
chr1,163440094,65,40
chr1,163490875,74,44
chr1,165098789,53,50
chr1,166385783,60,42
chr1,166465001,57,23
chr1,166878319,58,43
chr1,168309478,69,41
chr1,169533747,105,7
chr1,175232801,145,7
chr1,176002791,67,6
chr1,176020594,52,43
chr1,176179289,59,39
chr1,176256719,47,33
chr1,176550988,64,35
chr1,177117554,80,28
chr1,178331596,41,8
chr1,179796040,43,37
chr1,181269088,77,41
chr1,181402050,100,6
chr1,181582116,104,6
chr1,181830136,66,15
chr1,182464983,54,34
chr1,184591281,50,46
chr1,185589626,60,44
chr1,186399913,46,43
chr1,187766807,58,39
chr1,188352592,43,8
chr1,188813122,64,40
chr1,191060228,55,43
chr1,191106089,80,34
chr1,191432105,66,48
chr1,191448867,68,31
chr1,191448868,68,31
chr1,191800546,70,30
chr1,192815716,98,9
chr1,193834546,48,36
chr1,193918733,56,35
chr1,193936493,66,53
chr1,194172570,58,46
chr1,194418437,63,47
chr1,195798435,101,7
chr1,195861646,63,47
chr1,197845800,98,7
chr1,197998946,67,42
chr1,198454634,34,16
chr1,198775541,48,30
chr1,199060480,64,42
chr1,199303048,79,19
chr1,199851022,51,7
chr1,200591455,78,50
chr1,201828157,106,6
chr1,204616290,58,49
chr1,204785529,74,4
chr1,207208127,110,6
chr1,208829549,95,5
chr1,209050954,65,46
chr1,209073193,56,31
chr1,210921805,84,9
chr1,211002017,58,6
chr1,211115717,37,6
chr1,211798888,68,40
chr1,211827650,79,36
chr1,212256924,72,35
chr1,212519083,50,51
chr1,212881197,54,34
chr1,213015063,82,38
chr1,214575076,63,42
chr1,215327875,67,23
chr1,215549272,61,51
chr1,215761095,110,4
chr1,216013866,71,47
chr1,218471745,50,46
chr1,219048576,68,27
chr1,220262911,51,44
chr1,220399623,134,9
chr1,220564743,88,35
chr1,220982364,53,49
chr1,222209140,67,39
chr1,222311590,49,37
chr1,223372409,71,44
chr1,224827885,68,49
chr1,229082290,58,42
chr1,229270994,67,43
chr1,229370442,57,46
chr1,229444974,81,45
chr1,231526967,68,46
chr1,232151183,58,42
chr1,232297452,68,28
chr1,232823420,68,27
chr1,233930148,50,45
chr1,234267947,47,4
chr1,234485151,60,30
chr1,236307644,59,32
chr1,238603497,58,54
chr1,238660867,57,37
chr1,238763296,88,29
chr1,239411613,43,37
chr1,239469083,72,53
chr1,239859430,33,12
chr1,240738067,49,47
chr1,240841861,60,38
chr1,241302104,84,28
chr1,241906462,57,29
chr1,242228793,51,50
chr1,242320113,56,59
chr1,242617326,76,39
chr1,243156963,123,7
chr1,243795869,73,21
chr1,245892338,58,27
chr1,246160599,60,32
chr1,248257881,69,36
chr1,248317555,68,52
chr1,248438209,121,16
chr1,248466823,73,49
chr1,248817618,128,4
chr2,568510,86,24
chr2,1009197,47,4
chr2,1220410,90,20
chr2,1249535,67,44
chr2,1739059,98,7
chr2,1963787,54,35
chr2,2065466,66,50
chr2,3436749,49,4
chr2,4679529,138,5
chr2,5170281,72,40
chr2,6404448,75,34
chr2,6673214,54,46
chr2,6775663,61,52
chr2,6925242,74,23
chr2,8243623,119,8
chr2,8707145,104,4
chr2,10710813,89,6
chr2,13175301,69,33
chr2,13594637,70,55
chr2,13641639,61,26
chr2,16392729,62,41
chr2,18189664,79,34
chr2,18374640,70,25
chr2,19491194,68,41
chr2,21016530,75,19
chr2,21033713,74,44
chr2,21442740,72,49
chr2,21452200,59,55
chr2,22541539,98,21
chr2,23091225,69,53
chr2,23348227,40,7
chr2,24073923,57,25
chr2,26366041,95,8
chr2,26849319,41,26
chr2,29441329,82,34
chr2,31465222,60,29
chr2,33811121,57,42
chr2,33901764,53,54
chr2,34324555,73,41
chr2,34327566,78,36
chr2,34497572,62,35
chr2,34580682,79,24
chr2,34898412,75,45
chr2,34907959,61,47
chr2,35841523,65,48
chr2,39406633,68,44
chr2,41296060,61,40
chr2,41674898,106,12
chr2,41674906,109,12
chr2,41845013,50,46
chr2,41875686,33,29
chr2,42805573,66,35
chr2,43905058,58,38
chr2,44838695,64,45
chr2,45081000,45,18
chr2,46152733,50,43
chr2,46220734,102,6
chr2,46262089,64,34
chr2,46534835,56,45
chr2,47132237,43,33
chr2,48137779,63,36
chr2,48414328,83,33
chr2,48672587,63,53
chr2,48811412,63,45
chr2,49003787,61,4
chr2,49121033,58,39
chr2,51935478,68,26
chr2,52274569,62,35
chr2,52421422,63,24
chr2,52993569,60,39
chr2,53214467,111,7
chr2,56922462,97,8
chr2,60017911,72,42
chr2,60466492,58,32
chr2,61494816,45,27
chr2,61542982,55,44
chr2,61684034,100,7
chr2,63055818,70,50
chr2,65033861,79,28
chr2,66615116,81,38
chr2,68230522,115,6
chr2,68230543,115,6
chr2,69478620,54,50
chr2,69945997,73,45
chr2,70262477,36,28
chr2,70396342,59,37
chr2,71298337,55,46
chr2,71301952,72,55
chr2,71618587,35,7
chr2,73948794,84,27
chr2,74074060,59,55
chr2,74074062,59,55
chr2,74494400,58,39
chr2,74599999,46,44
chr2,74883401,68,40
chr2,75530973,65,44
chr2,75950631,73,57
chr2,76845241,63,51
chr2,77913748,117,10
chr2,78241012,57,45
chr2,78491463,70,30
chr2,79119102,63,28
chr2,79447788,64,43
chr2,79485903,54,50
chr2,79699134,72,44
chr2,80079628,84,6
chr2,80173852,40,43
chr2,81295097,62,41
chr2,82024948,63,43
chr2,84131685,116,4
chr2,84131688,116,4
chr2,86486285,72,20
chr2,86545490,32,2
chr2,86673292,68,41
chr2,86728164,50,6
chr2,86922895,41,4
chr2,87318319,35,33
chr2,87361458,271,17
chr2,87414374,36,9
chr2,87414378,37,9
chr2,87428738,48,6
chr2,87428743,42,6
chr2,87988542,22,6
chr2,88396333,92,8
chr2,88778120,131,9
chr2,89771492,154,42
chr2,89802891,204,29
chr2,90257981,113,13
chr2,90258004,115,17
chr2,90288922,47,4
chr2,90379554,113,6
chr2,91424081,271,13
chr2,91469137,134,10
chr2,91472705,257,10
chr2,91472710,259,11
chr2,91472838,377,14
chr2,91478812,63,11
chr2,91491749,81,10
chr2,91520767,31,5
chr2,91527201,45,9
chr2,91534191,196,24
chr2,91537730,69,7
chr2,91537732,69,7
chr2,91558697,184,34
chr2,91559500,170,35
chr2,91560479,164,21
chr2,91623456,47,9
chr2,91670080,39,6
chr2,91738042,83,10
chr2,91785582,243,15
chr2,91892509,252,20
chr2,91933158,106,9
chr2,91940086,98,4
chr2,91974792,64,45
chr2,92006612,103,5
chr2,92073031,88,44
chr2,92136094,52,7
chr2,92136255,45,8
chr2,92200720,156,17
chr2,92218012,131,9
chr2,92323642,35,23
chr2,92323649,34,22
chr2,92363123,65,7
chr2,92363246,76,6
chr2,92383236,72,8
chr2,92383438,37,11
chr2,92487385,54,7
chr2,92491377,72,8
chr2,92511646,24,9
chr2,92535330,38,6
chr2,92567745,38,15
chr2,92586632,65,6
chr2,92632339,128,8
chr2,92636385,146,6
chr2,92650329,167,27
chr2,92850633,28,7
chr2,92927173,48,7
chr2,92942024,46,9
chr2,92956595,107,17
chr2,92956707,88,44
chr2,92972146,48,5
chr2,92994731,12,5
chr2,93002124,40,5
chr2,93164908,53,6
chr2,93170690,71,12
chr2,93308490,47,12
chr2,93312910,50,6
chr2,93433747,23,8
chr2,93459441,70,5
chr2,93459601,22,6
chr2,93489149,22,31
chr2,93641679,71,6
chr2,93681075,12,4
chr2,93802370,77,14
chr2,93867010,77,26
chr2,93867054,86,28
chr2,93939536,49,4
chr2,95583977,68,36
chr2,95937272,98,12
chr2,95942275,193,17
chr2,95945290,293,18
chr2,95950275,212,12
chr2,96056866,56,29
chr2,96060078,90,43
chr2,97139791,117,5
chr2,97162500,151,13
chr2,97162586,118,9
chr2,97699470,106,6
chr2,98860853,64,45
chr2,99788217,77,44
chr2,99836783,73,31
chr2,101998803,77,46
chr2,102293733,71,39
chr2,102352278,31,3
chr2,102465973,58,44
chr2,102627427,65,56
chr2,103099155,41,29
chr2,103244340,66,55
chr2,103292648,90,7
chr2,103473598,61,28
chr2,103489800,95,6
chr2,103551182,66,56
chr2,103817053,79,12
chr2,104213850,71,34
chr2,104610968,23,15
chr2,105456249,51,35
chr2,105499281,61,41
chr2,106451304,107,6
chr2,106758394,49,33
chr2,106884906,24,11
chr2,107165088,62,47
chr2,107667531,77,40
chr2,108633809,66,41
chr2,108779657,71,38
chr2,109061992,52,34
chr2,109267500,67,33
chr2,109461622,22,8
chr2,110325247,34,14
chr2,111345028,72,6
chr2,112186556,44,38
chr2,113385443,25,18
chr2,114274740,77,30
chr2,114553656,116,9
chr2,114836794,50,39
chr2,114899753,61,57
chr2,114958936,50,44
chr2,115071773,63,46
chr2,115263489,74,58
chr2,116364823,68,36
chr2,116477914,65,26
chr2,117002076,57,42
chr2,117076120,60,35
chr2,117289802,47,40
chr2,118439591,80,34
chr2,118683703,77,51
chr2,118806913,64,43
chr2,118970131,68,38
chr2,119205896,55,31
chr2,120046501,88,5
chr2,120913427,60,40
chr2,122342528,56,47
chr2,122957539,53,33
chr2,123001779,75,34
chr2,123002576,66,32
chr2,123180993,71,51
chr2,123511726,68,47
chr2,124524614,70,34
chr2,124576363,72,27
chr2,124786446,29,4
chr2,124786462,33,3
chr2,125121426,69,28
chr2,125134316,59,47
chr2,125598048,66,41
chr2,125635932,66,49
chr2,126520956,60,34
chr2,126536176,98,10
chr2,126993472,103,4
chr2,126993478,103,4
chr2,127079309,64,42
chr2,128057625,60,40
chr2,128225793,64,8
chr2,128803730,91,31
chr2,128959961,104,7
chr2,130988891,41,20
chr2,131038309,42,28
chr2,131426824,60,36
chr2,132024500,119,6
chr2,132040738,107,7
chr2,132508422,60,48
chr2,133365802,53,40
chr2,133812945,62,38
chr2,133910877,66,42
chr2,134008831,63,36
chr2,134381330,33,10
chr2,134700909,44,29
chr2,134784222,44,36
chr2,134928375,59,32
chr2,135034796,21,3
chr2,135074350,73,55
chr2,136834992,68,32
chr2,136991124,59,40
chr2,137060061,69,31
chr2,138693283,61,37
chr2,139855437,83,59
chr2,139977885,17,10
chr2,140169654,59,51
chr2,140772924,64,34
chr2,141082022,68,48
chr2,143831144,80,37
chr2,144797480,63,29
chr2,146873522,52,39
chr2,147232931,93,8
chr2,148476317,64,47
chr2,148821541,52,42
chr2,149189342,58,11
chr2,149588855,87,13
chr2,149710843,52,44
chr2,150747947,54,38
chr2,151076477,70,56
chr2,151268587,102,6
chr2,151345148,62,46
chr2,152215303,41,31
chr2,153121890,58,44
chr2,153395722,70,44
chr2,153566348,40,8
chr2,153837116,43,28
chr2,154154217,103,9
chr2,154204619,89,45
chr2,154217572,81,33
chr2,154507978,88,26
chr2,154663508,76,36
chr2,155087876,59,44
chr2,155948671,67,29
chr2,156730743,56,49
chr2,156919426,75,21
chr2,157076408,60,39
chr2,160450549,42,8
chr2,160450552,43,7
chr2,161314950,63,29
chr2,161602589,105,5
chr2,161742670,69,30
chr2,162814733,85,39
chr2,165413328,77,5
chr2,166005719,67,41
chr2,166686075,69,44
chr2,166723527,98,6
chr2,166930245,62,48
chr2,167168708,68,46
chr2,168721815,44,38
chr2,170525875,97,20
chr2,170597324,41,24
chr2,172571823,17,4
chr2,172857475,63,43
chr2,175119397,59,48
chr2,177831899,59,49
chr2,180100227,60,35
chr2,180142035,108,6
chr2,180203051,55,37
chr2,180424966,62,33
chr2,180924938,114,6
chr2,181142686,65,34
chr2,183958261,105,5
chr2,189430294,98,7
chr2,190709861,67,34
chr2,191672859,57,45
chr2,193648590,47,38
chr2,194493904,47,42
chr2,197421594,70,44
chr2,197647644,77,33
chr2,198051728,55,50
chr2,198660827,71,40
chr2,199040343,83,36
chr2,201138901,70,30
chr2,201484061,60,24
chr2,203892989,70,39
chr2,203960445,67,36
chr2,204993222,43,11
chr2,205130034,65,30
chr2,206393724,65,33
chr2,207245750,62,41
chr2,207354368,97,4
chr2,208061481,73,31
chr2,210346580,44,27
chr2,210845960,65,42
chr2,211557338,69,41
chr2,212728051,70,48
chr2,212864415,54,6
chr2,213658000,65,36
chr2,219497124,63,26
chr2,219991237,51,38
chr2,220601436,62,53
chr2,220759890,80,36
chr2,220873879,63,35
chr2,220908963,47,42
chr2,220912855,65,47
chr2,222142604,66,45
chr2,224074110,65,56
chr2,225440677,87,8
chr2,225519265,67,24
chr2,225647149,53,35
chr2,225769888,64,46
chr2,226054878,55,36
chr2,226153090,62,19
chr2,227137111,68,42
chr2,227368351,37,3
chr2,227631321,64,51
chr2,228140263,63,35
chr2,229023443,76,27
chr2,231002804,71,43
chr2,231504168,43,45
chr2,231815979,69,40
chr2,232339288,100,7
chr2,232422597,59,30
chr2,233828953,73,47
chr2,234561062,104,5
chr2,234652637,72,58
chr2,234867013,61,50
chr2,235943356,32,15
chr2,237197553,82,26
chr2,237493500,61,31
chr2,237669140,58,35
chr2,237697111,99,5
chr2,237934648,58,42
chr2,239328884,76,49
chr2,239365203,84,36
chr2,239946153,51,43
chr2,240077411,57,43
chr2,240669863,63,54
chr3,1704894,106,6
chr3,2792784,65,55
chr3,4006099,72,45
chr3,4156004,80,30
chr3,4929846,62,44
chr3,5256403,77,37
chr3,5295303,56,48
chr3,6177244,92,5
chr3,7064479,41,18
chr3,7853310,57,36
chr3,8236005,72,49
chr3,9209129,92,6
chr3,10586156,72,26
chr3,11048808,64,42
chr3,12149462,64,38
chr3,12149467,67,37
chr3,12230591,49,36
chr3,16452271,63,44
chr3,16489574,72,31
chr3,17068957,67,23
chr3,17268212,65,52
chr3,17769662,94,5
chr3,17953163,50,42
chr3,18910879,87,9
chr3,19498708,60,50
chr3,19559724,58,31
chr3,19744297,84,40
chr3,20147492,64,42
chr3,20157971,80,43
chr3,21285563,57,52
chr3,21769590,46,10
chr3,21839880,86,10
chr3,22063971,86,7
chr3,22065972,93,5
chr3,22651152,75,38
chr3,23351692,90,7
chr3,23615512,77,54
chr3,24258453,67,49
chr3,24480330,86,7
chr3,25718053,77,27
chr3,27455740,92,10
chr3,27901281,31,14
chr3,27918021,59,49
chr3,28008279,67,31
chr3,28665553,10,4
chr3,31205558,98,5
chr3,33705128,68,41
chr3,34087608,62,51
chr3,34103042,79,32
chr3,34418749,62,30
chr3,34672279,72,44
chr3,34927584,104,29
chr3,35354532,68,46
chr3,35625199,39,16
chr3,35965484,66,42
chr3,36029607,58,37
chr3,36089594,69,38
chr3,36418652,76,6
chr3,36673864,96,5
chr3,37190431,50,38
chr3,38546164,66,41
chr3,38674231,69,42
chr3,39067822,62,55
chr3,39365534,64,7
chr3,40161436,50,31
chr3,41046227,61,45
chr3,41291410,35,23
chr3,41386117,76,41
chr3,41828435,40,23
chr3,41828440,40,20
chr3,43476091,68,39
chr3,44249950,70,35
chr3,44822274,71,38
chr3,46340737,36,6
chr3,47789919,57,4
chr3,47789926,61,3
chr3,49068641,38,28
chr3,50217750,62,45
chr3,53427857,100,4
chr3,54142089,62,50
chr3,54750775,53,28
chr3,55391214,45,5
chr3,55414882,56,35
chr3,55799450,29,20
chr3,56032949,38,4
chr3,56065525,93,7
chr3,56675047,103,7
chr3,57126983,78,4
chr3,57127003,79,4
chr3,58037867,65,43
chr3,58122416,55,31
chr3,58290157,42,3
chr3,58642911,61,51
chr3,59268877,54,36
chr3,62474765,80,39
chr3,62845184,45,33
chr3,63468901,73,29
chr3,64370020,55,40
chr3,65573006,53,30
chr3,66070967,70,41
chr3,66944601,69,41
chr3,67146405,58,27
chr3,67265479,111,6
chr3,67617124,89,5
chr3,68062634,48,38
chr3,68122509,81,18
chr3,68213034,67,34
chr3,72581304,80,41
chr3,75466263,68,22
chr3,75524317,54,3
chr3,75524321,54,3
chr3,75793759,90,5
chr3,75814850,100,3
chr3,75814853,100,3
chr3,75860565,129,6
chr3,75957377,80,44
chr3,76440017,83,13
chr3,76879147,57,40
chr3,76947966,72,36
chr3,77071486,60,43
chr3,77296250,98,6
chr3,78173478,64,31
chr3,79619467,73,42
chr3,79758082,59,42
chr3,80303447,58,36
chr3,80866114,76,52
chr3,82585508,54,24
chr3,82709869,64,42
chr3,82761132,53,45
chr3,82883119,59,62
chr3,83351166,50,38
chr3,84538735,88,37
chr3,85669874,55,39
chr3,85842208,60,43
chr3,86413245,71,42
chr3,87749492,111,8
chr3,87903127,67,30
chr3,88264776,77,39
chr3,89361695,64,22
chr3,89785128,97,8
chr3,89946478,70,51
chr3,90109020,62,29
chr3,90218026,96,6
chr3,90338861,44,4
chr3,90338875,43,4
chr3,90795705,72,5
chr3,90833808,24,7
chr3,90833813,24,7
chr3,90835475,30,11
chr3,90860805,92,20
chr3,90906377,47,17
chr3,90910691,8,6
chr3,90917727,9,4
chr3,90923388,49,7
chr3,90935005,44,9
chr3,90966726,13,5
chr3,90978537,100,14
chr3,91001337,29,6
chr3,91027470,22,4
chr3,91042052,11,3
chr3,91070539,62,6
chr3,91104457,80,6
chr3,91113617,56,6
chr3,91142190,45,5
chr3,91192841,22,24
chr3,91208301,64,7
chr3,91262512,44,4
chr3,92275076,41,10
chr3,92405355,35,7
chr3,92927356,27,5
chr3,93412589,37,11
chr3,93509224,22,7
chr3,93797005,66,50
chr3,93950224,93,29
chr3,94746618,60,25
chr3,95363615,61,48
chr3,95672601,73,57
chr3,95692403,72,26
chr3,95708614,56,41
chr3,95828299,58,45
chr3,96719045,69,44
chr3,98405704,53,30
chr3,98627757,106,5
chr3,99311157,99,9
chr3,100709427,55,48
chr3,101443759,49,3
chr3,101444187,52,12
chr3,103837907,88,8
chr3,103884373,67,51
chr3,104072956,59,41
chr3,104256750,66,38
chr3,104256897,63,47
chr3,104623070,55,38
chr3,104693414,34,23
chr3,104836040,65,40
chr3,105055946,65,36
chr3,106599087,83,31
chr3,107724672,53,37
chr3,108782076,91,4
chr3,109385020,52,26
chr3,110053984,56,34
chr3,110199229,62,35
chr3,110670274,64,24
chr3,112772375,107,7
chr3,113600332,51,41
chr3,115252108,87,6
chr3,115386585,73,42
chr3,117017219,60,39
chr3,118519593,56,42
chr3,118813179,49,51
chr3,118938259,64,41
chr3,119407390,37,38
chr3,119814334,69,42
chr3,120236928,80,41
chr3,121477008,61,42
chr3,121890101,47,39
chr3,122044623,95,4
chr3,122543524,67,41
chr3,123090031,73,41
chr3,123194949,62,41
chr3,124450803,59,33
chr3,124495642,49,14
chr3,124738679,72,42
chr3,125557091,58,49
chr3,125807884,103,6
chr3,128025436,60,32
chr3,129179833,56,29
chr3,132012046,110,5
chr3,132754591,105,7
chr3,133357591,62,35
chr3,135002637,105,6
chr3,136097752,63,53
chr3,137047992,37,39
chr3,137240453,132,6
chr3,137352797,76,49
chr3,137580894,60,33
chr3,138485103,111,6
chr3,139288349,98,16
chr3,139670971,61,51
chr3,142135997,65,37
chr3,142708372,129,8
chr3,144241287,62,24
chr3,144887728,58,33
chr3,145054230,34,28
chr3,145215314,74,28
chr3,147183705,80,31
chr3,147760499,53,33
chr3,148123895,73,39
chr3,148178571,45,27
chr3,149497674,112,6
chr3,150812580,70,35
chr3,151257535,80,55
chr3,152565743,77,10
chr3,153520093,50,8
chr3,154667012,65,44
chr3,156161333,62,40
chr3,157542524,52,34
chr3,157834152,63,57
chr3,159200104,40,4
chr3,159914375,51,43
chr3,160156321,70,57
chr3,161401825,65,29
chr3,162436225,62,49
chr3,162587395,96,6
chr3,162788542,73,44
chr3,163967676,77,34
chr3,164577399,91,5
chr3,164705745,52,11
chr3,165942819,85,32
chr3,166551215,54,36
chr3,166806538,53,38
chr3,167344019,81,26
chr3,167514716,58,40
chr3,167602833,94,5
chr3,168355102,30,22
chr3,168472091,51,42
chr3,168676487,77,47
chr3,169210197,62,38
chr3,169420599,80,40
chr3,169668481,85,48
chr3,170666040,72,11
chr3,171857473,57,39
chr3,172186328,75,38
chr3,172628058,124,5
chr3,173747983,73,39
chr3,174687794,86,28
chr3,175506068,70,49
chr3,175717837,29,15
chr3,175809762,55,35
chr3,176598105,64,36
chr3,177752882,55,42
chr3,177941426,56,38
chr3,180041389,52,44
chr3,180214536,63,33
chr3,180829218,66,30
chr3,181016386,68,43
chr3,181159866,65,30
chr3,181876903,66,39
chr3,182390967,112,4
chr3,183061512,69,47
chr3,183098513,69,50
chr3,183127881,67,49
chr3,183693747,64,41
chr3,183882418,51,18
chr3,184921057,66,48
chr3,186113936,66,38
chr3,186480391,68,33
chr3,187322494,55,41
chr3,188080014,62,44
chr3,190984411,91,5
chr3,192607900,72,31
chr3,192907752,78,34
chr3,193204807,70,33
chr3,193441015,38,19
chr3,194094491,74,47
chr3,194644387,69,13
chr3,195116719,75,11
chr3,195494966,108,19
chr3,196763341,69,33
chr3,197618297,51,9
chr4,706853,50,10
chr4,706863,127,12
chr4,716570,30,3
chr4,976303,105,5
chr4,1020609,36,5
chr4,2186594,70,42
chr4,2955454,71,4
chr4,3502694,108,5
chr4,4513652,63,43
chr4,6107237,54,52
chr4,6230113,74,37
chr4,6312276,64,27
chr4,7453400,43,2
chr4,8162229,72,30
chr4,8446565,62,52
chr4,9132060,107,6
chr4,9845651,92,6
chr4,10135268,117,6
chr4,11380212,42,5
chr4,11533647,74,42
chr4,11743824,108,8
chr4,12092706,48,4
chr4,13330095,75,67
chr4,13743343,89,8
chr4,13829165,78,33
chr4,13851535,94,5
chr4,14086578,72,43
chr4,14115709,56,44
chr4,15107953,61,37
chr4,16397182,29,4
chr4,16730331,99,5
chr4,16755110,65,54
chr4,16848330,75,41
chr4,18521992,61,43
chr4,18554477,104,4
chr4,18596986,81,5
chr4,18955586,57,40
chr4,19091422,84,36
chr4,19421177,83,30
chr4,19679328,68,42
chr4,19705744,66,39
chr4,20504661,50,39
chr4,21528736,35,4
chr4,21778273,29,20
chr4,22115093,53,32
chr4,22847319,50,29
chr4,23306328,74,21
chr4,23372711,60,41
chr4,26255186,87,8
chr4,26576205,65,45
chr4,26606296,106,6
chr4,27277109,74,31
chr4,28187738,68,36
chr4,28250547,78,33
chr4,28995946,63,51
chr4,29320245,70,3
chr4,29718963,79,33
chr4,29818178,60,48
chr4,29819387,60,49
chr4,29856304,89,32
chr4,29902234,82,36
chr4,30099794,80,19
chr4,30899176,62,39
chr4,30899190,63,40
chr4,32221368,108,5
chr4,32968707,91,6
chr4,33198189,109,11
chr4,33454035,69,43
chr4,33837635,67,38
chr4,34022020,90,8
chr4,34493617,48,39
chr4,35292741,72,41
chr4,35820698,68,34
chr4,35826042,62,40
chr4,35937324,56,39
chr4,36641921,65,58
chr4,36972825,73,19
chr4,37322085,68,30
chr4,39806851,54,36
chr4,40121419,75,40
chr4,40349336,74,34
chr4,43159290,71,43
chr4,43185601,21,2
chr4,43185611,17,2
chr4,43189729,67,41
chr4,43749448,93,36
chr4,43945205,62,36
chr4,45518518,76,47
chr4,46239948,73,41
chr4,46580424,66,18
chr4,46701864,72,59
chr4,47011690,71,25
chr4,47327975,54,33
chr4,47649726,99,6
chr4,48070773,52,31
chr4,48511727,71,29
chr4,48751490,59,43
chr4,49092401,96,13
chr4,49094916,50,5
chr4,49184861,79,8
chr4,49189039,84,8
chr4,49258901,226,9
chr4,49551849,125,14
chr4,49710088,211,11
chr4,50480492,33,5
chr4,50931514,26,8
chr4,51093180,128,8
chr4,51372318,35,3
chr4,51640934,74,10
chr4,52693555,69,48
chr4,52736307,55,33
chr4,52877311,58,40
chr4,53339404,72,27
chr4,54192884,90,28
chr4,55172230,70,32
chr4,55322942,113,8
chr4,57862420,55,33
chr4,58076239,64,41
chr4,58474022,66,45
chr4,58613801,75,46
chr4,58704928,75,55
chr4,59096635,63,29
chr4,60312672,95,32
chr4,60565860,72,28
chr4,60825881,73,39
chr4,61087634,64,40
chr4,61322418,100,8
chr4,61406049,104,9
chr4,61427185,69,76
chr4,61870030,35,21
chr4,61907519,51,46
chr4,62246871,44,5
chr4,62255399,63,39
chr4,62492211,73,54
chr4,62518955,80,9
chr4,62666792,74,54
chr4,63577002,44,4
chr4,64994740,21,4
chr4,65321576,68,25
chr4,66250881,95,5
chr4,66671131,57,37
chr4,67125992,78,48
chr4,67263363,71,26
chr4,67347768,97,5
chr4,67388005,46,7
chr4,67491472,22,8
chr4,69429603,51,4
chr4,69586452,47,35
chr4,69984733,80,31
chr4,70065502,56,35
chr4,70628885,73,36
chr4,70855696,61,38
chr4,70893338,60,42
chr4,71156572,66,30
chr4,71894197,75,34
chr4,72633059,62,27
chr4,74278502,67,44
chr4,75144976,91,4
chr4,75530001,64,42
chr4,76735099,47,46
chr4,77498214,61,34
chr4,78158163,89,13
chr4,78597873,72,33
chr4,78630482,69,48
chr4,78915438,61,36
chr4,80270365,63,33
chr4,81944129,94,26
chr4,83835944,74,31
chr4,87989312,73,41
chr4,88115232,31,13
chr4,90175030,62,42
chr4,90693339,67,52
chr4,90932978,36,5
chr4,91424183,41,35
chr4,91474805,41,10
chr4,92114583,57,46
chr4,92442139,32,4
chr4,92704401,61,58
chr4,93437477,74,7
chr4,94270116,55,39
chr4,94839390,46,4
chr4,95569074,77,20
chr4,95688401,103,6
chr4,95792473,72,41
chr4,95964750,66,43
chr4,96377363,57,45
chr4,97152119,81,35
chr4,97323583,30,10
chr4,97541573,62,47
chr4,98543454,49,28
chr4,98785617,74,50
chr4,100918015,54,45
chr4,101199691,67,35
chr4,101746953,67,36
chr4,101791624,68,30
chr4,101839937,20,5
chr4,103634308,65,42
chr4,104120548,54,46
chr4,104243565,70,44
chr4,104382329,46,36
chr4,105028326,68,42
chr4,106463263,74,53
chr4,110483468,75,24
chr4,110874710,80,30
chr4,111392350,53,64
chr4,111493177,65,37
chr4,111963141,97,6
chr4,112566418,42,4
chr4,112566426,42,4
chr4,112987042,71,43
chr4,114341727,60,31
chr4,115201646,54,46
chr4,115988760,44,26
chr4,116068292,55,45
chr4,116263719,108,5
chr4,116307227,59,36
chr4,116473303,61,47
chr4,116536192,52,43
chr4,116550507,61,45
chr4,116868456,58,43
chr4,118566690,101,8
chr4,119741155,67,38
chr4,120123711,96,13
chr4,120683035,56,49
chr4,122040971,86,24
chr4,127059216,58,48
chr4,128730760,61,32
chr4,129621110,74,5
chr4,130006820,65,41
chr4,131128485,71,44
chr4,132210729,97,9
chr4,132355509,73,24
chr4,132512287,55,39
chr4,133074105,60,49
chr4,133194018,109,8
chr4,133266756,71,40
chr4,133926510,74,35
chr4,134927144,62,39
chr4,135415931,73,31
chr4,135915200,55,40
chr4,135957663,52,49
chr4,136260273,58,34
chr4,136422465,105,12
chr4,137040718,98,5
chr4,137341852,65,35
chr4,137584740,67,29
chr4,138698844,70,26
chr4,140576060,56,39
chr4,141876540,65,35
chr4,142394946,67,41
chr4,142394948,67,41
chr4,142727219,59,39
chr4,143858985,108,7
chr4,144130223,95,5
chr4,144482375,85,42
chr4,145981248,77,5
chr4,147715879,76,45
chr4,149500058,62,37
chr4,149769546,60,46
chr4,150224240,70,25
chr4,151231080,74,46
chr4,151805141,72,41
chr4,153503471,77,42
chr4,153633564,56,45
chr4,153979530,54,50
chr4,154054015,83,8
chr4,154593382,72,34
chr4,155741106,53,45
chr4,156276623,91,34
chr4,156677015,91,15
chr4,157986139,96,5
chr4,159110161,46,37
chr4,159856063,71,41
chr4,160135556,65,36
chr4,160168924,77,44
chr4,161206803,64,43
chr4,162637980,118,5
chr4,163007262,106,6
chr4,163399397,82,33
chr4,163933516,77,37
chr4,164555501,22,9
chr4,164884621,83,13
chr4,166776657,55,37
chr4,167064580,90,30
chr4,167796419,62,38
chr4,169123720,59,39
chr4,169310679,46,26
chr4,171384532,83,36
chr4,172568675,43,32
chr4,174689886,61,55
chr4,174875557,62,38
chr4,175208291,41,34
chr4,176003961,35,26
chr4,177181546,57,40
chr4,179653108,39,34
chr4,180806221,76,38
chr4,180977298,47,44
chr4,181152692,71,39
chr4,181342997,43,34
chr4,182068073,56,37
chr4,182481812,96,4
chr4,182486212,96,4
chr4,182784923,67,41
chr4,183192195,78,32
chr4,183506348,91,39
chr4,184611492,59,32
chr4,186165305,56,44
chr4,186395943,55,45
chr4,186402693,65,52
chr4,186518843,49,35
chr4,186619437,75,32
chr4,187124271,83,6
chr4,187177789,62,57
chr4,187617158,66,30
chr4,187620220,61,39
chr4,188345240,87,51
chr4,188504462,52,10
chr4,188504614,49,9
chr4,188505253,90,30
chr4,188558864,30,18
chr4,188584649,81,41
chr4,189096496,91,34
chr4,190179060,9,3
chr4,190181313,7,6
chr4,190181324,7,4
chr5,211076,47,6
chr5,403665,48,4
chr5,1018966,121,6
chr5,1673438,79,6
chr5,1741373,50,31
chr5,1871187,66,4
chr5,1935670,56,43
chr5,3106683,24,18
chr5,3156002,51,46
chr5,3651795,65,38
chr5,4324506,82,36
chr5,4328956,83,31
chr5,4629625,105,7
chr5,4674932,76,20
chr5,4948143,74,41
chr5,5846614,63,47
chr5,6466004,81,57
chr5,8336597,75,43
chr5,8416556,65,32
chr5,8636284,70,43
chr5,9066911,51,49
chr5,9933151,95,4
chr5,10972776,53,35
chr5,11429048,93,6
chr5,11657358,55,45
chr5,12253882,47,28
chr5,12305033,52,48
chr5,12402336,72,29
chr5,12655919,69,45
chr5,13783397,100,6
chr5,13965566,62,47
chr5,14190159,86,7
chr5,14811010,63,45
chr5,15103678,89,8
chr5,16286197,35,22
chr5,16442821,67,26
chr5,16919699,62,46
chr5,17309052,74,30
chr5,18543390,49,4
chr5,18628014,77,23
chr5,19164750,36,7
chr5,19471103,55,38
chr5,20541708,70,28
chr5,20802313,98,5
chr5,20933570,98,13
chr5,21343097,52,43
chr5,21474433,114,6
chr5,21824268,45,35
chr5,21827068,65,42
chr5,22227400,73,41
chr5,23060779,67,40
chr5,23639884,71,39
chr5,23670967,80,41
chr5,24524565,80,34
chr5,24887911,41,26
chr5,24906810,72,25
chr5,24990779,65,46
chr5,25085863,112,4
chr5,25597731,42,31
chr5,25615098,63,43
chr5,25812782,62,33
chr5,26044273,49,33
chr5,26961607,102,6
chr5,27777653,40,36
chr5,28260636,76,19
chr5,28413696,75,11
chr5,28761906,108,8
chr5,29380069,47,28
chr5,29380076,47,28
chr5,30182367,64,54
chr5,30310493,67,54
chr5,30875664,82,25
chr5,30895248,35,7
chr5,31756153,66,42
chr5,32088926,56,43
chr5,33069976,55,44
chr5,33834903,82,32
chr5,33920098,91,21
chr5,34183832,239,19
chr5,34203783,92,4
chr5,34758267,98,8
chr5,35288273,50,6
chr5,37654367,65,49
chr5,38040885,54,37
chr5,38562303,60,47
chr5,38792920,62,41
chr5,38863175,32,3
chr5,40116568,90,8
chr5,40905384,58,36
chr5,41367717,72,33
chr5,41595280,64,44
chr5,42394016,44,37
chr5,43801448,100,5
chr5,44373496,54,39
chr5,45006157,45,39
chr5,45526956,87,5
chr5,45677897,67,43
chr5,45717695,75,47
chr5,45721014,70,47
chr5,46226116,57,44
chr5,46301025,56,41
chr5,46301031,58,43
chr5,46413849,95,12
chr5,46524345,29,2
chr5,46663544,119,11
chr5,46663568,62,7
chr5,47119633,82,9
chr5,47137588,47,12
chr5,47297115,134,16
chr5,49626235,19,4
chr5,49643749,643,19
chr5,49644377,86,6
chr5,49737783,14,4
chr5,49786621,20,14
chr5,49816570,18,8
chr5,49825705,21,5
chr5,49825878,15,4
chr5,49853684,32,3
chr5,49853690,30,3
chr5,49876586,47,6
chr5,49900089,27,5
chr5,49907898,18,4
chr5,49935554,24,4
chr5,50726398,67,44
chr5,50863749,71,31
chr5,51167292,104,12
chr5,51939467,69,38
chr5,52024320,35,4
chr5,54328283,94,5
chr5,54697982,116,5
chr5,59397172,45,4
chr5,61747030,72,39
chr5,62191290,67,20
chr5,64133366,59,46
chr5,64374957,59,53
chr5,64414977,81,32
chr5,67739203,44,9
chr5,68077368,56,43
chr5,69170473,77,41
chr5,70316687,104,7
chr5,70693410,82,20
chr5,70924721,41,5
chr5,71963734,63,52
chr5,74143877,74,43
chr5,74727196,100,9
chr5,75178874,61,41
chr5,75263546,53,26
chr5,76090868,65,28
chr5,77183980,71,26
chr5,78699372,39,8
chr5,82398486,95,7
chr5,83451397,68,41
chr5,83520521,103,7
chr5,83588084,66,34
chr5,83943410,51,25
chr5,85641150,45,3
chr5,85647914,63,41
chr5,85659136,58,12
chr5,85838300,57,38
chr5,85883462,64,36
chr5,86738315,62,47
chr5,87153395,55,44
chr5,87408942,67,35
chr5,88523806,42,28
chr5,89232827,79,29
chr5,89509209,103,7
chr5,89545187,59,29
chr5,92197485,18,31
chr5,92717466,15,32
chr5,92974232,19,44
chr5,93645162,75,6
chr5,95389841,23,40
chr5,95430735,66,6
chr5,95707918,66,6
chr5,95707933,60,7
chr5,96268120,64,5
chr5,97252859,26,24
chr5,97992293,33,25
chr5,99710028,54,5
chr5,100383927,6,4
chr5,104611335,17,40
chr5,105279689,19,38
chr5,105351680,18,49
chr5,106138149,28,37
chr5,107338610,38,24
chr5,111383694,19,25
chr5,112027160,8,24
chr5,112027165,8,24
chr5,112838961,24,33
chr5,112951457,16,36
chr5,113262638,45,28
chr5,115736763,24,34
chr5,118977641,31,42
chr5,121784860,31,35
chr5,124071135,25,39
chr5,126282384,13,33
chr5,131981333,36,31
chr5,133197252,66,40
chr5,133556128,85,6
chr5,134429074,58,36
chr5,134864532,58,34
chr5,135549731,110,9
chr5,137261125,66,28
chr5,138357633,73,37
chr5,138466948,58,39
chr5,140406237,44,30
chr5,140517896,79,9
chr5,140835919,65,61
chr5,141061511,70,48
chr5,142068398,62,48
chr5,142352473,34,9
chr5,143280852,55,47
chr5,144580446,62,41
chr5,145580866,57,43
chr5,147420032,64,39
chr5,147451504,72,49
chr5,147943404,51,4
chr5,149984159,66,44
chr5,150151947,50,23
chr5,150332281,78,30
chr5,150420405,67,47
chr5,152770697,79,46
chr5,153037295,54,7
chr5,153513601,63,33
chr5,153713800,57,38
chr5,154749095,70,46
chr5,155248545,3,6
chr5,156350247,52,11
chr5,157414493,64,26
chr5,158834507,53,40
chr5,159191026,37,26
chr5,160045489,25,11
chr5,160045495,24,11
chr5,160816198,42,10
chr5,162586549,70,51
chr5,162806455,67,35
chr5,162988636,61,44
chr5,163018828,64,44
chr5,163089498,60,32
chr5,163105022,67,39
chr5,163108932,53,43
chr5,163985744,68,43
chr5,164538196,65,42
chr5,165056340,63,43
chr5,167399324,71,44
chr5,167722801,46,41
chr5,167756938,62,27
chr5,167858474,74,38
chr5,168083623,114,11
chr5,169062140,61,34
chr5,169320379,50,38
chr5,169474898,69,44
chr5,169780697,78,50
chr5,169978388,15,7
chr5,170271733,57,20
chr5,170421669,84,5
chr5,173660800,91,28
chr5,173921720,59,42
chr5,174045960,70,30
chr5,174164157,75,41
chr5,175301627,49,40
chr5,175302016,92,5
chr5,175684729,73,8
chr5,175926229,121,17
chr5,176081058,109,6
chr5,177110379,69,37
chr5,177790950,113,10
chr5,178039960,60,11
chr5,179384110,61,38
chr5,179580344,61,42
chr5,179849411,88,6
chr5,181139832,88,28
chr6,159778,81,50
chr6,1611689,51,34
chr6,1618476,52,40
chr6,1679227,89,34
chr6,2731053,51,49
chr6,2936251,67,37
chr6,3446052,55,42
chr6,5709664,55,13
chr6,5837795,76,27
chr6,7124571,63,40
chr6,8962291,49,29
chr6,9358034,73,45
chr6,12277532,69,55
chr6,13152059,93,5
chr6,13347432,44,26
chr6,13573916,59,31
chr6,13829841,94,26
chr6,15280227,68,33
chr6,17212287,52,39
chr6,17253052,56,37
chr6,17529637,25,35
chr6,18276894,64,47
chr6,18349721,76,24
chr6,18437971,70,41
chr6,20162079,61,47
chr6,21374939,123,37
chr6,22434562,63,53
chr6,22712814,54,44
chr6,23322518,81,4
chr6,25699364,84,5
chr6,26029830,72,28
chr6,26966224,61,38
chr6,27743738,59,46
chr6,28860604,74,43
chr6,28972142,95,5
chr6,29878315,45,7
chr6,30059236,51,40
chr6,30406989,86,34
chr6,30461118,45,30
chr6,31144627,73,27
chr6,32144655,52,33
chr6,32360867,69,31
chr6,32455311,81,36
chr6,32576154,57,4
chr6,32632000,57,8
chr6,33391579,77,52
chr6,33519474,96,4
chr6,34189356,61,19
chr6,36374320,55,36
chr6,36740965,66,37
chr6,37045220,61,22
chr6,37923369,62,47
chr6,39950341,106,9
chr6,40235812,79,6
chr6,40698433,70,44
chr6,44271370,11,23
chr6,44411432,67,40
chr6,44760359,81,34
chr6,45038434,62,41
chr6,45466184,61,35
chr6,47531137,49,49
chr6,47641935,46,27
chr6,49487454,50,14
chr6,50747179,105,5
chr6,50786047,54,41
chr6,51813874,67,34
chr6,52228535,64,33
chr6,57536363,97,10
chr6,57620797,110,19
chr6,57783567,94,6
chr6,58446517,64,43
chr6,58683902,93,8
chr6,59633865,59,6
chr6,59707533,31,6
chr6,60242041,53,12
chr6,60242045,56,8
chr6,60752807,65,42
chr6,60907052,54,49
chr6,60907053,54,49
chr6,61002047,50,39
chr6,61569794,65,35
chr6,61733432,56,35
chr6,62370443,54,54
chr6,62827259,58,5
chr6,63410860,53,41
chr6,64164632,55,47
chr6,64386231,114,5
chr6,64634520,39,36
chr6,65570130,52,22
chr6,65720669,66,44
chr6,66277825,99,8
chr6,66673288,75,32
chr6,68239365,55,45
chr6,68527012,33,8
chr6,68754741,80,33
chr6,68797390,64,50
chr6,69365072,66,27
chr6,71045017,65,28
chr6,71855506,80,46
chr6,72572922,43,13
chr6,72843499,87,17
chr6,73835946,60,47
chr6,74094815,73,34
chr6,75296613,59,39
chr6,76045526,41,34
chr6,76218003,66,46
chr6,76288219,59,47
chr6,76626072,73,49
chr6,77582701,52,41
chr6,77896012,69,26
chr6,77950714,54,27
chr6,80803285,72,7
chr6,82179995,74,40
chr6,82180050,96,8
chr6,82513602,51,5
chr6,82547492,21,28
chr6,82641865,53,9
chr6,82677619,34,24
chr6,84717402,63,5
chr6,85845194,20,33
chr6,85971814,13,39
chr6,87010145,14,12
chr6,88242899,21,52
chr6,90162487,30,19
chr6,92045607,19,43
chr6,92189869,25,54
chr6,94763078,24,51
chr6,94763086,23,52
chr6,94844356,42,17
chr6,95594060,20,31
chr6,95887773,15,38
chr6,96342236,14,41
chr6,96467375,36,33
chr6,97078442,18,41
chr6,97509545,16,43
chr6,98515382,15,33
chr6,100168281,14,43
chr6,101192248,65,3
chr6,101192251,65,3
chr6,107953506,43,7
chr6,108270382,46,7
chr6,109215526,39,7
chr6,112118705,16,37
chr6,112350365,31,24
chr6,114961180,18,36
chr6,115858930,63,3
chr6,115961316,21,7
chr6,117697550,24,47
chr6,119430611,56,4
chr6,119937219,55,7
chr6,119960072,26,34
chr6,121251019,17,34
chr6,124273132,27,30
chr6,125280637,116,8
chr6,126722307,70,47
chr6,126781642,52,54
chr6,126789521,73,40
chr6,127053354,76,40
chr6,127237807,51,42
chr6,127340339,65,33
chr6,128233097,94,34
chr6,128961648,46,32
chr6,129977128,58,61
chr6,130423708,71,38
chr6,130444791,12,5
chr6,130563000,68,43
chr6,132851857,53,37
chr6,133468915,62,53
chr6,133628128,70,36
chr6,134157583,46,39
chr6,134860393,71,35
chr6,135474022,98,12
chr6,135928445,38,7
chr6,137360740,81,37
chr6,137491255,53,45
chr6,139400894,63,45
chr6,139755832,71,43
chr6,140264508,76,7
chr6,140631766,78,21
chr6,140734095,54,3
chr6,141860941,69,41
chr6,142128941,90,4
chr6,142128975,95,4
chr6,144041592,76,35
chr6,145867505,35,25
chr6,145925259,51,30
chr6,146252010,71,35
chr6,146342383,68,50
chr6,146538988,102,12
chr6,146690258,70,44
chr6,147765880,61,35
chr6,148217829,39,32
chr6,148217833,39,34
chr6,149594842,61,45
chr6,149628418,70,24
chr6,149860770,67,49
chr6,150552895,77,8
chr6,150573049,55,38
chr6,152393564,62,43
chr6,153372650,57,28
chr6,153789875,55,40
chr6,153845073,56,32
chr6,154091982,84,7
chr6,154940791,48,47
chr6,155244052,50,36
chr6,155817022,56,48
chr6,156990554,54,46
chr6,157312312,33,35
chr6,158127339,18,4
chr6,158182776,40,31
chr6,158484521,85,21
chr6,160392568,114,11
chr6,160850075,71,32
chr6,162034188,43,17
chr6,162499526,102,5
chr6,162777738,71,34
chr6,163624001,36,7
chr6,164077241,106,10
chr6,164077278,119,8
chr6,164237440,66,32
chr6,164509772,56,31
chr6,165709408,51,10
chr6,165738078,36,22
chr6,165766582,53,37
chr6,165898520,60,54
chr6,167169069,73,7
chr6,167169085,69,5
chr6,167311317,60,39
chr6,168188841,208,37
chr6,168237595,29,4
chr6,168237623,29,2
chr6,169127032,51,6
chr6,169673195,53,42
chr6,170246243,19,3
chr7,910680,97,24
chr7,1001838,23,2
chr7,1001848,22,2
chr7,2577686,26,5
chr7,2893982,33,14
chr7,3385863,80,51
chr7,3777281,71,56
chr7,3800366,58,25
chr7,4446782,58,25
chr7,4906637,61,55
chr7,5910594,70,27
chr7,6896905,14,5
chr7,7383682,41,19
chr7,7713182,55,32
chr7,7903841,52,43
chr7,8791827,65,36
chr7,9399587,61,41
chr7,11239598,44,6
chr7,12550872,45,17
chr7,12550873,49,17
chr7,13780076,83,35
chr7,15379110,61,21
chr7,15589665,74,43
chr7,16520852,63,39
chr7,16947518,56,43
chr7,18984689,66,41
chr7,19565864,59,42
chr7,19639730,56,36
chr7,19886359,71,36
chr7,19895868,64,44
chr7,20188058,72,39
chr7,21668489,51,48
chr7,23518689,60,34
chr7,24631606,74,18
chr7,24698914,54,43
chr7,24784237,58,32
chr7,25138464,50,40
chr7,25604396,44,4
chr7,25748787,54,9
chr7,26954143,67,41
chr7,27052028,32,9
chr7,27052029,33,8
chr7,28658965,42,8
chr7,28672448,51,33
chr7,29827635,48,41
chr7,31656682,76,19
chr7,31694711,71,24
chr7,32136350,70,38
chr7,32344687,52,34
chr7,32387690,81,4
chr7,32711412,70,17
chr7,33393376,67,36
chr7,34248269,95,4
chr7,34884562,105,8
chr7,35095462,26,7
chr7,35270806,58,47
chr7,35497624,57,23
chr7,35573279,117,5
chr7,35741041,68,53
chr7,35958597,105,7
chr7,37113932,85,8
chr7,37304036,72,42
chr7,37858205,99,7
chr7,39989086,16,7
chr7,40199046,58,34
chr7,40336664,116,5
chr7,40581158,78,39
chr7,41897596,48,15
chr7,42404246,89,33
chr7,42552120,94,4
chr7,43333744,57,40
chr7,43457774,53,29
chr7,45581025,72,24
chr7,45581054,75,25
chr7,46313005,78,41
chr7,47652448,52,3
chr7,48004574,91,26
chr7,48167713,65,34
chr7,49793399,59,36
chr7,50157420,55,29
chr7,50823297,89,5
chr7,51474781,58,42
chr7,51608667,52,44
chr7,51608668,56,44
chr7,51837791,107,7
chr7,52383832,105,4
chr7,53148006,78,45
chr7,53484323,90,18
chr7,54807570,61,42
chr7,55741651,60,38
chr7,56205231,56,41
chr7,56736093,58,37
chr7,56916731,42,20
chr7,57082476,88,5
chr7,57082490,85,4
chr7,57123834,68,31
chr7,57185250,66,28
chr7,57674549,113,7
chr7,57674551,113,7
chr7,57675112,104,5
chr7,57821928,116,5
chr7,57974686,51,8
chr7,57974694,49,3
chr7,58057044,143,12
chr7,58072278,257,67
chr7,58767454,29,4
chr7,59881367,83,10
chr7,59974987,28,11
chr7,60263860,74,6
chr7,60323922,42,4
chr7,60358696,44,5
chr7,60358701,43,6
chr7,60912094,108,4
chr7,60912100,109,4
chr7,60938662,101,5
chr7,60938679,94,5
chr7,60946230,210,23
chr7,60950807,89,4
chr7,60950830,82,15
chr7,61037325,177,4
chr7,61051649,397,49
chr7,61055430,128,5
chr7,61055433,127,5
chr7,61057565,66,60
chr7,62098726,210,7
chr7,62301517,204,20
chr7,62342665,146,16
chr7,62342670,151,16
chr7,62414666,91,7
chr7,62858505,74,24
chr7,63031299,65,34
chr7,63113087,72,41
chr7,63254181,88,4
chr7,63526357,49,4
chr7,63713718,38,24
chr7,63781422,58,41
chr7,64138683,41,30
chr7,65203869,53,10
chr7,66369997,78,31
chr7,66531276,65,40
chr7,67877500,73,37
chr7,68385848,66,37
chr7,69118031,65,46
chr7,69792252,47,30
chr7,70058364,50,38
chr7,70223657,48,40
chr7,70279440,70,32
chr7,71463561,53,45
chr7,71693309,43,6
chr7,72060731,63,25
chr7,72567417,64,30
chr7,72848331,53,8
chr7,72886153,75,5
chr7,73038001,10,4
chr7,73268915,47,31
chr7,73839316,70,37
chr7,74369677,88,7
chr7,75448653,32,20
chr7,75983133,91,6
chr7,77086510,56,4
chr7,77745658,120,6
chr7,78070645,42,36
chr7,78070647,42,36
chr7,79422479,88,7
chr7,79889984,63,47
chr7,79916538,66,40
chr7,80337846,50,46
chr7,81480710,52,36
chr7,81678212,118,5
chr7,82140954,26,14
chr7,83464458,53,5
chr7,83745921,106,7
chr7,83756091,75,24
chr7,83968719,59,31
chr7,84088181,68,44
chr7,84779763,62,40
chr7,85022656,72,41
chr7,86033649,87,7
chr7,86406526,67,26
chr7,87702519,52,41
chr7,89066530,88,5
chr7,89465486,73,36
chr7,89559298,75,34
chr7,90160214,79,6
chr7,90793484,58,47
chr7,90848949,56,57
chr7,91249535,111,10
chr7,92029419,54,44
chr7,93725074,56,39
chr7,93862743,117,8
chr7,94232684,62,41
chr7,95834366,54,5
chr7,97258623,49,31
chr7,99264635,60,46
chr7,100489999,83,5
chr7,100637980,60,40
chr7,100810377,62,52
chr7,102646608,30,4
chr7,103874493,47,9
chr7,105043306,53,43
chr7,105778510,25,4
chr7,107028396,22,18
chr7,107113838,66,27
chr7,107868302,84,5
chr7,107960898,115,6
chr7,108320302,71,38
chr7,109113832,55,40
chr7,109165172,59,39
chr7,109304299,50,48
chr7,109650713,53,4
chr7,110560394,36,5
chr7,111938288,58,48
chr7,112619221,45,20
chr7,112691452,51,41
chr7,113484233,57,40
chr7,113750657,88,9
chr7,115333277,84,31
chr7,116514713,62,40
chr7,116726143,26,9
chr7,117807215,51,41
chr7,119639464,72,48
chr7,120034034,65,44
chr7,120211457,63,34
chr7,120903026,50,36
chr7,123992313,64,46
chr7,124244250,54,48
chr7,125702868,61,26
chr7,125911761,57,40
chr7,126026291,84,38
chr7,126367976,64,35
chr7,126635816,61,41
chr7,127970043,87,24
chr7,128573497,85,6
chr7,129184605,49,33
chr7,130403727,71,42
chr7,131460298,59,42
chr7,132124287,61,40
chr7,133727944,73,36
chr7,133831003,108,6
chr7,134340272,100,7
chr7,135348450,56,40
chr7,135668079,62,47
chr7,136417724,49,5
chr7,136794021,55,36
chr7,137610057,48,35
chr7,138486688,63,36
chr7,139225930,59,4
chr7,139225950,63,3
chr7,139951949,31,12
chr7,140649866,65,32
chr7,140988408,60,26
chr7,141685500,41,47
chr7,142063686,68,34
chr7,142102781,66,54
chr7,142919934,82,28
chr7,142943710,54,42
chr7,142943732,58,34
chr7,143564822,34,3
chr7,144379820,67,40
chr7,144702144,68,31
chr7,144870718,49,44
chr7,144901170,70,47
chr7,145253111,65,43
chr7,145281610,82,46
chr7,145634962,57,26
chr7,145697719,71,49
chr7,146064280,34,29
chr7,147375772,73,42
chr7,147562342,54,39
chr7,147742281,60,45
chr7,148382189,55,45
chr7,148462988,75,40
chr7,150091937,55,4
chr7,152025705,57,32
chr7,152238026,107,37
chr7,152240027,99,4
chr7,152240030,101,4
chr7,152279961,146,12
chr7,152402535,50,7
chr7,152537075,57,28
chr7,152893851,158,5
chr7,153040919,66,44
chr7,153088685,65,49
chr7,153421739,47,35
chr7,153506579,57,6
chr7,154016985,68,48
chr7,154032767,50,34
chr7,154664048,60,5
chr7,154664055,74,5
chr7,154715747,91,5
chr7,155324878,62,49
chr7,155516898,67,37
chr7,156509277,60,53
chr7,156749559,71,32
chr7,156931053,56,34
chr7,157048181,22,14
chr7,157562639,105,5
chr7,157907948,66,36
chr7,158273608,33,26
chr7,158331026,29,2
chr7,158997857,74,19
chr8,630364,30,2
chr8,811322,59,5
chr8,1097735,4,5
chr8,1351229,11,2
chr8,1351234,12,2
chr8,2249453,42,4
chr8,2686108,18,37
chr8,3374032,17,42
chr8,4041165,53,4
chr8,4425716,17,33
chr8,5559572,26,47
chr8,6069408,20,46
chr8,6069410,20,46
chr8,6192157,70,4
chr8,7450071,15,8
chr8,8854165,11,50
chr8,12216818,9,9
chr8,12510973,11,6
chr8,12616965,68,3
chr8,12616973,67,3
chr8,12624786,75,4
chr8,12624788,75,4
chr8,12665023,92,10
chr8,12858799,15,27
chr8,13580416,20,39
chr8,14278254,27,44
chr8,15016111,16,36
chr8,15055863,23,43
chr8,15641795,34,31
chr8,16355762,26,36
chr8,16565069,21,52
chr8,16944916,58,5
chr8,18931994,27,38
chr8,21376876,58,5
chr8,25597371,33,40
chr8,28092945,29,46
chr8,31987296,13,29
chr8,32092066,19,36
chr8,33557836,17,35
chr8,33798409,10,24
chr8,34735400,19,48
chr8,35043357,54,7
chr8,35352733,19,41
chr8,35572804,23,21
chr8,36433225,19,41
chr8,36579324,38,20
chr8,38353445,18,48
chr8,39422314,22,54
chr8,41879642,51,39
chr8,42628755,81,30
chr8,43335453,46,41
chr8,43524243,96,7
chr8,44274814,30,8
chr8,44516036,42,4
chr8,44516039,41,4
chr8,45928080,78,7
chr8,45929811,26,6
chr8,46100603,106,5
chr8,46120913,65,32
chr8,46386575,66,44
chr8,46442941,65,47
chr8,46810226,82,4
chr8,47848240,60,35
chr8,48243154,43,43
chr8,48997982,73,43
chr8,49110372,64,53
chr8,49291901,51,35
chr8,49438874,66,30
chr8,49713227,73,28
chr8,49762551,79,34
chr8,50308235,79,24
chr8,50445067,56,39
chr8,50921923,93,37
chr8,51078845,77,29
chr8,51202224,37,36
chr8,51377900,89,20
chr8,53614786,58,19
chr8,54197189,55,43
chr8,54437272,59,44
chr8,54766234,79,22
chr8,54810930,79,39
chr8,54951386,49,40
chr8,55455201,77,30
chr8,55718189,50,40
chr8,56134956,77,22
chr8,56683272,43,42
chr8,56900764,58,42
chr8,58834425,68,45
chr8,61257532,62,51
chr8,61555169,76,47
chr8,61813730,32,7
chr8,64459727,112,6
chr8,64686070,40,4
chr8,66980190,64,29
chr8,68420105,57,31
chr8,68624271,34,24
chr8,68716155,45,43
chr8,69414247,77,5
chr8,69924374,54,40
chr8,70106449,60,6
chr8,70321329,50,31
chr8,70958363,106,7
chr8,71376955,82,34
chr8,71903738,56,45
chr8,72014189,59,37
chr8,72633666,64,50
chr8,72937352,51,50
chr8,73275093,71,49
chr8,75102735,17,17
chr8,77201120,70,36
chr8,77386596,56,37
chr8,80668355,83,49
chr8,81902527,60,36
chr8,82246281,84,10
chr8,83515013,108,6
chr8,85530653,67,38
chr8,86804586,72,4
chr8,87750343,104,5
chr8,87998137,81,27
chr8,88014779,64,58
chr8,88101144,67,27
chr8,88205933,70,45
chr8,88205935,70,45
chr8,88303512,101,10
chr8,88421084,66,36
chr8,88436519,68,63
chr8,89070846,74,16
chr8,89145718,55,42
chr8,91176134,31,13
chr8,91862028,85,26
chr8,92102423,40,28
chr8,92376890,54,39
chr8,92495326,39,7
chr8,93189003,41,21
chr8,95437670,83,5
chr8,97063424,58,43
chr8,97898324,57,40
chr8,100976155,24,7
chr8,101776848,70,39
chr8,101894509,38,11
chr8,103475983,59,46
chr8,105081746,59,44
chr8,105167701,63,46
chr8,106451724,84,32
chr8,106649728,104,4
chr8,107512102,64,56
chr8,108742912,101,5
chr8,109156414,34,5
chr8,109628342,65,34
chr8,109734097,43,36
chr8,109984172,53,38
chr8,110362263,74,37
chr8,110696470,92,31
chr8,110794218,77,40
chr8,112385727,119,7
chr8,112711334,61,41
chr8,113327437,60,30
chr8,113793146,59,48
chr8,114035298,70,52
chr8,114170888,74,35
chr8,114507642,52,15
chr8,115420201,57,45
chr8,117034095,55,32
chr8,117701920,81,34
chr8,119160876,39,9
chr8,120190513,66,45
chr8,121008280,84,34
chr8,122276750,93,7
chr8,123044359,71,25
chr8,123898731,95,6
chr8,123898767,110,6
chr8,123929007,63,30
chr8,123980084,68,44
chr8,125767896,86,6
chr8,126023630,55,36
chr8,126097043,103,8
chr8,126292672,60,50
chr8,126414482,38,8
chr8,126971172,95,6
chr8,128338001,60,35
chr8,128775361,43,31
chr8,129101808,57,28
chr8,129153630,59,6
chr8,131123180,31,26
chr8,131269439,64,29
chr8,131470683,61,34
chr8,132292649,60,42
chr8,132645454,65,37
chr8,132690897,63,43
chr8,133661165,65,47
chr8,133891249,22,17
chr8,134464234,52,25
chr8,134840681,74,31
chr8,135673482,64,54
chr8,135731720,58,47
chr8,135819162,72,35
chr8,135949418,76,38
chr8,136175011,56,8
chr8,136614040,92,4
chr8,136755250,47,34
chr8,138567504,71,28
chr8,138570338,61,30
chr8,138625453,62,35
chr8,138835916,62,51
chr8,138919931,59,34
chr8,139348208,63,38
chr8,140648092,115,31
chr8,140648103,113,31
chr8,140941863,71,7
chr8,141664021,71,35
chr8,142058619,79,29
chr8,142825336,54,41
chr8,143205925,38,5
chr8,143385572,71,40
chr8,143427468,51,52
chr8,143430213,49,20
chr8,143695892,25,6
chr9,44278,114,11
chr9,69769,101,6
chr9,70079,79,5
chr9,2448879,59,45
chr9,2621889,59,36
chr9,2749241,72,42
chr9,3115404,71,41
chr9,3702316,80,34
chr9,5228085,39,23
chr9,5653205,61,53
chr9,5790211,39,22
chr9,6569794,59,35
chr9,6739737,63,41
chr9,7728438,70,50
chr9,8203488,67,33
chr9,8441306,55,35
chr9,8903143,80,30
chr9,9667003,58,47
chr9,9892677,64,37
chr9,10097346,61,11
chr9,10097348,61,11
chr9,10124602,111,8
chr9,10936473,66,39
chr9,11035647,71,29
chr9,11326722,85,45
chr9,11352257,70,23
chr9,11627138,63,60
chr9,12568814,50,38
chr9,14263206,85,5
chr9,16103781,85,6
chr9,16697108,98,5
chr9,16697110,98,5
chr9,20287999,73,34
chr9,20849333,61,36
chr9,20943188,65,41
chr9,21490975,53,47
chr9,22821978,54,14
chr9,24807609,57,38
chr9,24931278,44,32
chr9,25651593,51,10
chr9,26175221,56,30
chr9,26323558,58,35
chr9,26939663,58,34
chr9,27043755,67,51
chr9,27693204,98,7
chr9,27693209,97,7
chr9,28784946,49,35
chr9,28931952,50,24
chr9,28982079,77,50
chr9,28983748,62,48
chr9,29095673,56,31
chr9,29371294,35,21
chr9,29649308,72,39
chr9,29650968,99,6
chr9,29727180,45,47
chr9,30499392,68,26
chr9,30547644,74,31
chr9,30949236,94,30
chr9,31912896,56,49
chr9,31963395,98,29
chr9,32733020,26,4
chr9,32777195,17,19
chr9,33522546,102,18
chr9,33522568,93,21
chr9,33768363,59,36
chr9,34330170,126,4
chr9,34390740,62,26
chr9,34541793,46,45
chr9,36285721,25,20
chr9,36559019,67,4
chr9,37776665,66,40
chr9,39000804,173,16
chr9,39022626,66,4
chr9,39047194,167,12
chr9,39055960,117,6
chr9,39058715,53,11
chr9,39070903,106,15
chr9,39083635,125,7
chr9,39560884,111,12
chr9,39568114,31,13
chr9,40105940,37,9
chr9,40949316,180,9
chr9,40953584,253,8
chr9,40986859,216,21
chr9,41058397,125,21
chr9,41075174,55,18
chr9,41253143,216,9
chr9,41492997,121,6
chr9,41496337,48,6
chr9,41805375,207,39
chr9,42157611,56,7
chr9,42245872,149,30
chr9,42301321,45,4
chr9,42301346,39,4
chr9,42313344,46,9
chr9,42542776,63,8
chr9,42993555,100,7
chr9,43162580,75,41
chr9,43174167,49,4
chr9,43174175,49,7
chr9,43189056,146,13
chr9,43189446,96,24
chr9,43415745,8,4
chr9,43484696,80,10
chr9,43644998,53,5
chr9,43878546,76,13
chr9,43936480,52,16
chr9,44096078,48,7
chr9,44096409,16,4
chr9,44377531,40,2
chr9,44377564,39,2
chr9,44613100,17,11
chr9,44613169,10,8
chr9,44615604,87,7
chr9,44775720,60,4
chr9,45082632,289,13
chr9,45124328,27,4
chr9,45467432,49,7
chr9,60655987,34,9
chr9,60682938,246,29
chr9,61218387,102,8
chr9,61592622,90,23
chr9,61733461,103,14
chr9,61733468,96,18
chr9,62835271,307,10
chr9,62847060,270,11
chr9,63366590,74,6
chr9,63755748,55,41
chr9,63768265,163,26
chr9,63794038,101,34
chr9,63821986,829,15
chr9,63852004,290,12
chr9,63973896,47,31
chr9,64478538,108,10
chr9,64941873,86,5
chr9,65664488,56,5
chr9,65683816,213,15
chr9,65721642,80,10
chr9,65961364,47,5
chr9,66147607,183,9
chr9,67760730,104,18
chr9,67760731,104,18
chr9,67795252,247,29
chr9,67795278,258,23
chr9,67798564,291,19
chr9,68284832,61,6
chr9,68386288,117,8
chr9,68402368,112,8
chr9,68877624,61,37
chr9,68978661,68,39
chr9,70122658,49,50
chr9,71198908,51,6
chr9,73540374,64,47
chr9,73726161,70,54
chr9,73996666,58,33
chr9,74197794,17,2
chr9,75001806,60,37
chr9,75388910,53,32
chr9,76810501,55,44
chr9,79521798,50,58
chr9,80744451,52,7
chr9,81253671,63,43
chr9,82029491,88,31
chr9,84545063,47,25
chr9,85089032,61,46
chr9,85602006,61,43
chr9,86155245,65,49
chr9,86231641,76,7
chr9,88427699,59,40
chr9,90005605,58,37
chr9,92485357,80,37
chr9,92717452,90,52
chr9,95064524,65,38
chr9,97222903,110,6
chr9,99205318,64,48
chr9,99563693,76,23
chr9,101038907,57,42
chr9,101147437,55,38
chr9,101352315,62,42
chr9,101546941,56,30
chr9,102038392,78,47
chr9,103434763,67,36
chr9,103765211,68,48
chr9,104114714,70,35
chr9,104382592,52,54
chr9,104760791,60,30
chr9,105087694,58,35
chr9,105422442,62,48
chr9,105890586,66,40
chr9,106335906,70,33
chr9,108218656,55,51
chr9,108539398,91,6
chr9,108682345,74,39
chr9,109113197,67,39
chr9,109992983,80,6
chr9,111812115,54,21
chr9,114465896,81,46
chr9,115230962,71,28
chr9,116162658,64,34
chr9,117992806,78,23
chr9,118703730,63,30
chr9,119807543,52,47
chr9,120291082,77,42
chr9,120793304,72,44
chr9,121021756,66,38
chr9,121244911,64,42
chr9,122332697,51,33
chr9,122402965,57,40
chr9,122627297,25,6
chr9,122868184,112,5
chr9,123053555,75,43
chr9,123648474,57,43
chr9,123648477,59,43
chr9,124902772,67,47
chr9,125488032,52,36
chr9,127845269,73,41
chr9,128670230,110,4
chr9,131405806,88,6
chr9,132522726,61,43
chr9,133362209,54,36
chr9,134299054,63,42
chr9,134402418,74,42
chr9,134444732,32,3
chr9,134480811,67,9
chr9,135217388,79,29
chr9,135286211,42,5
chr9,136252380,130,4
chr9,136285519,75,35
chr9,136545406,45,33
chr9,137000972,70,3
chr9,137000996,85,3
chr9,137671171,60,32
chr9,137774766,68,3
chr9,137960431,54,4
chr11,381350,59,6
chr11,1878975,62,38
chr11,2291749,34,2
chr11,2699639,168,17
chr11,3076543,44,27
chr11,3129450,81,40
chr11,3613320,66,14
chr11,3846691,97,6
chr11,4686052,61,46
chr11,4784817,67,46
chr11,6087269,36,5
chr11,6285370,80,50
chr11,7868820,95,4
chr11,8201364,29,7
chr11,8402218,106,6
chr11,10349959,52,35
chr11,10603178,52,38
chr11,11094985,65,44
chr11,12772940,62,40
chr11,12889922,85,14
chr11,12975503,67,35
chr11,15688735,51,44
chr11,16520550,78,35
chr11,17340425,105,6
chr11,18014844,40,44
chr11,18712931,55,40
chr11,19137099,92,6
chr11,19179010,53,34
chr11,19578847,83,8
chr11,21809794,45,44
chr11,21887850,100,5
chr11,22396182,49,31
chr11,22524613,46,10
chr11,23746494,57,35
chr11,24809225,84,5
chr11,25358832,66,5
chr11,26279406,86,14
chr11,26718158,95,33
chr11,26718162,95,33
chr11,28274236,78,24
chr11,29912100,60,39
chr11,30432611,72,34
chr11,30709249,36,29
chr11,32050829,63,30
chr11,32482100,68,43
chr11,33302339,67,11
chr11,33877547,81,5
chr11,34053597,57,52
chr11,35541205,111,16
chr11,36096278,59,49
chr11,36437337,61,37
chr11,37497074,73,21
chr11,38281689,60,39
chr11,38469292,78,37
chr11,38531426,52,40
chr11,39143456,52,46
chr11,39143458,52,46
chr11,39204458,88,7
chr11,39684333,69,38
chr11,40394055,61,39
chr11,41012787,77,6
chr11,41077096,68,35
chr11,41342235,83,52
chr11,41358492,51,55
chr11,41624066,56,47
chr11,41939360,46,31
chr11,42362028,61,36
chr11,43437912,73,45
chr11,45276707,19,38
chr11,46487206,48,31
chr11,48652871,66,44
chr11,48768777,94,5
chr11,49853358,73,42
chr11,50189984,72,28
chr11,50461868,59,39
chr11,51148776,18,5
chr11,51547824,46,6
chr11,51717918,25,3
chr11,51814184,55,6
chr11,51836047,20,4
chr11,51879755,32,7
chr11,51920645,22,6
chr11,52183567,32,5
chr11,52341857,56,14
chr11,52455308,32,5
chr11,52790265,106,6
chr11,52795650,29,10
chr11,52826694,137,8
chr11,52826972,5,5
chr11,52949438,34,6
chr11,53566302,38,6
chr11,53580506,17,10
chr11,54205609,20,9
chr11,54246621,52,10
chr11,54253500,7,4
chr11,54298622,47,5
chr11,54323084,77,19
chr11,54388651,48,5
chr11,54397362,17,7
chr11,55200936,95,9
chr11,56017685,57,33
chr11,56119737,69,40
chr11,56173332,60,38
chr11,56367594,53,33
chr11,57053443,45,27
chr11,57151534,71,38
chr11,58361653,57,35
chr11,59476432,69,81
chr11,59727714,61,80
chr11,60341741,107,35
chr11,63098297,102,50
chr11,63856781,43,44
chr11,64451895,141,37
chr11,64595250,31,2
chr11,64595257,32,2
chr11,65145209,106,39
chr11,65411076,58,79
chr11,66406178,115,26
chr11,66744482,98,39
chr11,67558754,123,5
chr11,68209394,98,26
chr11,68353396,96,33
chr11,68644152,63,5
chr11,69673010,60,88
chr11,70094611,160,9
chr11,70333107,101,41
chr11,71493236,54,91
chr11,71719091,156,9
chr11,72185048,56,76
chr11,72433532,110,5
chr11,73005676,128,6
chr11,73986165,58,78
chr11,74230076,114,52
chr11,77045921,97,36
chr11,77707892,64,83
chr11,77837675,48,98
chr11,79555490,55,78
chr11,79557658,40,50
chr11,79734960,68,94
chr11,80405834,184,7
chr11,80599519,143,22
chr11,81556215,106,36
chr11,87179200,99,31
chr11,87243174,97,6
chr11,87243662,85,10
chr11,87243665,86,10
chr11,87496759,117,46
chr11,87769791,64,91
chr11,88309019,46,85
chr11,88384369,121,28
chr11,88493271,121,52
chr11,88603486,102,42
chr11,89210989,73,86
chr11,89711261,72,92
chr11,90559161,98,29
chr11,91437160,45,99
chr11,91568714,67,83
chr11,91652481,56,91
chr11,92075628,54,7
chr11,92075630,55,6
chr11,94339380,117,34
chr11,96440853,52,55
chr11,97610991,129,37
chr11,97986954,70,95
chr11,98655715,51,58
chr11,98986365,133,36
chr11,99129626,52,73
chr11,99179293,63,81
chr11,99375073,132,21
chr11,100083231,94,20
chr11,100403193,58,84
chr11,100486366,64,89
chr11,101162053,100,32
chr11,101672797,108,52
chr11,102141248,62,81
chr11,103341840,103,46
chr11,103931454,127,32
chr11,104076429,57,89
chr11,104275923,138,44
chr11,104288779,78,91
chr11,104807978,137,7
chr11,105894791,61,29
chr11,106532804,118,33
chr11,106820396,171,9
chr11,106952917,114,24
chr11,107603530,164,6
chr11,109504323,72,42
chr11,109527710,73,41
chr11,109727580,70,32
chr11,111176112,53,33
chr11,113506226,58,30
chr11,113636384,54,47
chr11,113744256,75,25
chr11,113906296,49,26
chr11,114703672,39,32
chr11,114809784,35,4
chr11,115081010,96,6
chr11,116072906,100,6
chr11,117447987,79,30
chr11,117564788,26,23
chr11,118131152,58,49
chr11,118651431,58,44
chr11,118675010,71,29
chr11,122283812,70,4
chr11,122326936,57,53
chr11,122542577,70,44
chr11,122693311,74,39
chr11,122832293,61,47
chr11,122857207,93,4
chr11,122868710,64,50
chr11,123166345,84,32
chr11,123879152,98,7
chr11,123964753,85,15
chr11,124275048,51,42
chr11,125724305,75,25
chr11,125981970,12,14
chr11,127426582,55,41
chr11,127477604,101,5
chr11,127515008,22,12
chr11,128445027,32,26
chr11,128831525,48,40
chr11,129055413,58,40
chr11,129075703,61,55
chr11,129178672,52,31
chr11,130120109,85,48
chr11,130333589,72,22
chr11,130903963,54,36
chr11,130955568,64,35
chr11,132564549,68,46
chr11,133125915,86,11
chr11,133312789,108,6
chr11,133556644,63,49
chr11,133556667,61,46
chr11,133781129,56,53
chr11,133787700,119,6
chr11,134143372,108,10
chr12,3129226,28,47
chr12,3271308,28,23
chr12,5964232,18,47
chr12,7787237,13,20
chr12,8493333,26,31
chr12,9900998,25,19
chr12,10694233,30,43
chr12,11017021,57,4
chr12,11018231,51,5
chr12,12292005,22,52
chr12,12338784,30,22
chr12,12777645,74,5
chr12,13945612,18,47
chr12,14029217,32,48
chr12,14796066,26,41
chr12,16097015,26,33
chr12,20671681,44,4
chr12,21046382,15,31
chr12,21355431,13,51
chr12,22057827,13,27
chr12,23315724,24,37
chr12,23491724,13,16
chr12,24331771,14,23
chr12,25007020,26,45
chr12,28918595,22,40
chr12,29914265,10,5
chr12,30063688,64,8
chr12,33362800,19,12
chr12,33649264,62,6
chr12,34190945,27,50
chr12,34496019,116,4
chr12,34622648,63,42
chr12,34775575,26,5
chr12,34778582,193,8
chr12,34807911,30,7
chr12,34808192,17,4
chr12,34900165,21,6
chr12,34926779,90,8
chr12,34930674,32,6
chr12,34970591,411,9
chr12,35082404,40,6
chr12,35123504,41,6
chr12,35134628,30,6
chr12,35191972,19,6
chr12,35213727,13,4
chr12,35220955,27,6
chr12,35246456,42,2
chr12,35246467,39,2
chr12,35264709,116,14
chr12,35549502,26,7
chr12,35696484,18,6
chr12,35767813,61,6
chr12,35966271,109,11
chr12,36081801,35,7
chr12,36135021,2,6
chr12,36545021,13,4
chr12,36560353,44,10
chr12,36582467,90,10
chr12,36654825,35,11
chr12,36671433,41,8
chr12,36749472,28,8
chr12,36844322,68,8
chr12,36844347,65,7
chr12,36894224,47,3
chr12,37172797,9,3
chr12,37455000,115,5
chr12,37719776,56,7
chr12,38902393,36,5
chr12,39059938,74,23
chr12,39297036,67,27
chr12,40358428,78,38
chr12,40574017,60,47
chr12,41214156,58,34
chr12,42545856,41,36
chr12,44295793,64,59
chr12,45100872,64,39
chr12,45154302,61,32
chr12,46006559,71,36
chr12,46006565,74,37
chr12,46371479,62,37
chr12,47971981,85,20
chr12,47971990,83,12
chr12,48751795,56,40
chr12,49081851,65,25
chr12,49258436,52,39
chr12,49762551,59,39
chr12,51259889,66,23
chr12,51323121,97,22
chr12,51494421,74,6
chr12,52084189,67,40
chr12,53098241,116,7
chr12,53726815,63,43
chr12,53889217,39,3
chr12,54113026,53,47
chr12,54216901,76,29
chr12,54770917,69,25
chr12,55242205,111,8
chr12,56717820,44,5
chr12,58473068,43,5
chr12,58943621,60,37
chr12,59202277,88,18
chr12,59354883,63,45
chr12,59621119,71,52
chr12,59731741,96,8
chr12,60530235,73,54
chr12,60809272,81,7
chr12,61821289,59,37
chr12,62010861,37,2
chr12,62010870,35,2
chr12,63721375,99,10
chr12,66905459,88,4
chr12,66920591,85,32
chr12,68989872,63,38
chr12,69049119,68,28
chr12,69759610,46,49
chr12,71383823,53,21
chr12,72001824,65,40
chr12,72390179,60,38
chr12,73997247,70,37
chr12,74249323,64,44
chr12,74294379,88,6
chr12,74444024,69,37
chr12,74468186,48,39
chr12,75263211,58,42
chr12,76455907,63,20
chr12,78969027,97,6
chr12,79359789,105,4
chr12,81213649,15,2
chr12,81521376,76,35
chr12,82803615,60,44
chr12,82803624,61,44
chr12,82891201,77,40
chr12,82938788,57,51
chr12,84898717,74,67
chr12,84947997,53,34
chr12,84948025,60,47
chr12,85369227,69,41
chr12,86779685,101,4
chr12,86939707,57,51
chr12,87023656,75,27
chr12,87198413,66,26
chr12,87498651,62,40
chr12,87615010,61,49
chr12,88004953,75,31
chr12,88016490,59,34
chr12,88456817,63,40
chr12,89504456,67,42
chr12,90471270,76,38
chr12,90734610,58,50
chr12,93219103,66,34
chr12,93389899,49,31
chr12,94281429,109,6
chr12,96664699,56,8
chr12,97494342,111,5
chr12,100278630,36,24
chr12,102579560,57,33
chr12,103149867,58,36
chr12,104271813,65,43
chr12,104811234,57,31
chr12,104866115,73,34
chr12,104932448,66,44
chr12,104932451,66,44
chr12,105196387,27,26
chr12,106785823,35,16
chr12,107159329,60,38
chr12,108138567,82,11
chr12,108422993,54,48
chr12,108865822,58,18
chr12,110317958,70,40
chr12,111077231,90,33
chr12,114512292,14,18
chr12,115487227,81,36
chr12,117865404,103,5
chr12,118300211,67,45
chr12,118971745,73,33
chr12,119517162,49,49
chr12,119556082,61,38
chr12,119861123,46,26
chr12,120711360,61,48
chr12,120945331,62,40
chr12,121487930,62,45
chr12,122338209,99,4
chr12,123042201,111,5
chr12,124185327,52,44
chr12,124467738,42,4
chr12,125400264,75,45
chr12,126150265,36,11
chr12,126234260,57,41
chr12,126543502,66,41
chr12,126882544,25,4
chr12,126957568,72,26
chr12,127356479,74,38
chr12,127425914,68,33
chr12,127855157,62,53
chr12,128215903,59,34
chr12,128220277,72,28
chr12,128622360,16,6
chr12,129712623,72,34
chr12,129963127,67,23
chr12,130005059,58,47
chr12,130163443,72,26
chr12,130613408,106,5
chr12,130774824,105,5
chr12,131525341,68,47
chr12,132068638,81,52
chr12,132597953,69,6
chr12,133170937,57,42
chr12,133180195,71,37
chr13,16002428,39,16
chr13,16011168,61,7
chr13,16049247,132,15
chr13,16092713,43,5
chr13,16141067,28,6
chr13,16229086,146,9
chr13,16245356,52,3
chr13,16339148,39,5
chr13,16341515,36,7
chr13,16351317,7,6
chr13,16357295,32,4
chr13,16360477,35,5
chr13,16371937,16,9
chr13,16442675,47,7
chr13,16479646,62,10
chr13,16479658,64,10
chr13,16524602,52,8
chr13,16541024,26,6
chr13,16580005,81,5
chr13,16664790,33,12
chr13,16674424,67,6
chr13,16682667,14,2
chr13,16695547,82,5
chr13,16742115,56,8
chr13,16771966,14,4
chr13,16776184,43,4
chr13,16783485,41,10
chr13,16788088,64,6
chr13,16805228,44,10
chr13,16823087,93,5
chr13,16846504,27,5
chr13,16874264,19,6
chr13,16890806,32,7
chr13,16909072,48,15
chr13,16965532,28,10
chr13,16965803,21,2
chr13,16965812,23,2
chr13,16968481,13,4
chr13,16993263,90,8
chr13,17018399,24,3
chr13,17018412,19,5
chr13,17039749,48,4
chr13,17051301,39,8
chr13,17082759,135,7
chr13,17084174,49,7
chr13,17177968,51,7
chr13,17246781,54,6
chr13,17255389,61,6
chr13,17271942,32,6
chr13,17341225,13,3
chr13,17341231,13,3
chr13,17362644,73,7
chr13,17372116,70,6
chr13,17409472,35,7
chr13,17489659,20,8
chr13,17489679,19,12
chr13,17546106,633,10
chr13,17553480,48,5
chr13,17655029,28,4
chr13,17722486,83,8
chr13,17748088,13,5
chr13,17833506,27,5
chr13,17876502,112,20
chr13,17962219,46,3
chr13,17990603,15,6
chr13,18010447,328,10
chr13,18196510,86,5
chr13,18282174,54,37
chr13,18332224,164,11
chr13,18539635,42,28
chr13,18607001,84,5
chr13,18958714,76,33
chr13,19106714,51,5
chr13,19106717,51,5
chr13,19182930,91,4
chr13,22473850,62,37
chr13,22944693,104,5
chr13,23186435,77,34
chr13,24185036,61,35
chr13,24410884,76,31
chr13,26828515,52,26
chr13,27192229,20,17
chr13,27647423,90,6
chr13,27985669,97,6
chr13,28477347,72,31
chr13,30428035,79,30
chr13,30925229,68,37
chr13,31066566,59,4
chr13,31750146,94,8
chr13,33294667,97,17
chr13,34675467,69,5
chr13,35662604,36,29
chr13,37480736,11,26
chr13,38544444,53,8
chr13,40024299,26,39
chr13,40869284,15,9
chr13,41418099,40,35
chr13,42567501,25,34
chr13,44569397,58,5
chr13,45021839,53,11
chr13,45319132,51,5
chr13,47405443,47,6
chr13,49592137,11,6
chr13,50523217,22,30
chr13,51533922,13,31
chr13,51824923,35,42
chr13,51926254,21,53
chr13,52243843,10,41
chr13,54027617,18,39
chr13,54476377,45,9
chr13,55225130,73,7
chr13,55550857,59,7
chr13,55949476,36,31
chr13,56539210,21,38
chr13,57212976,22,21
chr13,58382427,21,33
chr13,59059622,25,30
chr13,59782133,31,37
chr13,62106364,30,44
chr13,62401612,17,44
chr13,63038138,76,7
chr13,63051135,65,45
chr13,64475561,25,31
chr13,64707881,49,6
chr13,67252150,16,41
chr13,67551702,22,46
chr13,67830247,35,31
chr13,68641335,24,40
chr13,69596389,14,42
chr13,73665024,75,5
chr13,73739928,68,4
chr13,74891461,21,35
chr13,76247936,20,33
chr13,76748020,23,48
chr13,78125728,54,8
chr13,79277653,26,47
chr13,80131414,14,40
chr13,80726392,31,27
chr13,80726393,31,27
chr13,82180396,25,50
chr13,82234292,14,36
chr13,82774686,21,29
chr13,84250041,54,43
chr13,84255197,64,39
chr13,84388897,34,12
chr13,84474167,55,43
chr13,84727245,49,8
chr13,85006067,65,51
chr13,85450965,55,35
chr13,85896728,64,37
chr13,86886663,81,32
chr13,87244034,68,41
chr13,87531913,60,40
chr13,87539412,61,48
chr13,88371329,55,47
chr13,88811939,62,29
chr13,89901317,82,38
chr13,90624522,62,39
chr13,91393741,66,42
chr13,91739679,66,46
chr13,91930631,48,57
chr13,92126118,47,47
chr13,92361277,57,43
chr13,92403736,59,49
chr13,92934294,73,40
chr13,92970474,34,10
chr13,93037946,85,7
chr13,93564618,94,23
chr13,94812853,57,32
chr13,95232253,57,53
chr13,96447414,54,45
chr13,96894492,44,42
chr13,97612910,56,6
chr13,98034793,77,32
chr13,98562730,47,32
chr13,99218879,57,44
chr13,100159154,39,14
chr13,100916000,64,42
chr13,101104676,77,32
chr13,101274296,62,36
chr13,101722447,69,49
chr13,101920855,121,4
chr13,102113970,56,31
chr13,102297431,51,44
chr13,102526857,50,36
chr13,103358872,61,40
chr13,103359385,86,32
chr13,103359391,86,34
chr13,104103514,37,5
chr13,104191716,55,67
chr13,104938139,56,42
chr13,105300058,41,10
chr13,105573614,48,34
chr13,105697289,83,30
chr13,106626301,62,43
chr13,106926312,71,39
chr13,107030557,62,46
chr13,107037278,65,47
chr13,107106176,54,43
chr13,107296628,109,3
chr13,107296639,111,3
chr13,107659816,49,42
chr13,107883282,53,56
chr13,107887951,62,53
chr13,108000164,67,44
chr13,108078623,77,33
chr13,109979928,54,38
chr13,110131438,67,50
chr13,110203212,61,40
chr13,110721360,59,45
chr13,111020261,90,48
chr13,111973625,85,35
chr13,112327308,77,32
chr13,112678886,52,5
chr13,112779350,83,7
chr13,113030476,49,34
chr13,113339706,73,33
chr13,114029110,35,3
chr14,16400729,278,11
chr14,18680055,193,10
chr14,18985823,132,6
chr14,18985994,80,7
chr14,19124527,92,17
chr14,19124528,92,17
chr14,19170445,40,17
chr14,19170461,100,17
chr14,19265501,141,28
chr14,19414340,95,14
chr14,19680615,151,44
chr14,21177943,103,4
chr14,21177948,104,4
chr14,21267118,66,25
chr14,21465900,53,34
chr14,21471287,63,47
chr14,21988964,67,60
chr14,22183525,91,23
chr14,22239298,103,5
chr14,22464258,63,40
chr14,22742017,51,6
chr14,22834570,59,51
chr14,23737392,60,25
chr14,23985874,61,39
chr14,24620491,64,23
chr14,25445503,105,8
chr14,26412090,59,41
chr14,26574276,27,20
chr14,26724856,82,27
chr14,26812543,49,46
chr14,27018897,67,38
chr14,27046123,51,13
chr14,27224817,77,4
chr14,27318037,76,39
chr14,27700828,71,47
chr14,27735693,100,6
chr14,28182953,53,28
chr14,28192562,83,5
chr14,28405379,55,34
chr14,28615078,74,39
chr14,28638173,55,43
chr14,29962726,61,43
chr14,29976870,57,44
chr14,30816148,50,46
chr14,32111917,45,22
chr14,32214996,89,6
chr14,33567562,77,24
chr14,33962693,62,47
chr14,34477877,45,38
chr14,35682658,75,35
chr14,36764151,29,4
chr14,37240920,57,41
chr14,37544786,67,52
chr14,37595276,47,34
chr14,37633925,124,7
chr14,38507026,86,32
chr14,38989244,40,12
chr14,38989247,40,12
chr14,39021652,99,5
chr14,39158889,61,47
chr14,39266790,56,22
chr14,40684526,65,32
chr14,40858908,63,47
chr14,41587330,52,35
chr14,42438786,83,40
chr14,43098535,58,33
chr14,43513779,103,12
chr14,44111220,54,6
chr14,44417496,69,10
chr14,45800400,76,45
chr14,45926737,37,21
chr14,46187235,65,35
chr14,46286460,89,8
chr14,46858194,81,48
chr14,47103665,63,39
chr14,47398453,75,24
chr14,47562220,87,18
chr14,47669142,93,8
chr14,48440694,64,25
chr14,49187682,57,33
chr14,49245970,32,33
chr14,50312103,81,45
chr14,50446546,52,33
chr14,51615024,57,38
chr14,52052631,60,40
chr14,53269988,30,18
chr14,53615813,109,8
chr14,54765460,31,27
chr14,56411133,105,6
chr14,57004776,81,16
chr14,57942485,62,27
chr14,58046506,111,5
chr14,58294302,68,46
chr14,58301757,61,36
chr14,60025949,67,48
chr14,60181293,72,11
chr14,61488205,77,25
chr14,61734527,84,5
chr14,62288488,40,4
chr14,62634301,71,37
chr14,63246218,75,47
chr14,63543700,66,37
chr14,64333828,97,9
chr14,64667359,65,42
chr14,65274417,68,37
chr14,65587417,64,41
chr14,67855167,50,31
chr14,68177663,49,34
chr14,69000040,49,47
chr14,69601163,70,51
chr14,69675038,45,21
chr14,70217321,88,23
chr14,70217341,82,26
chr14,70437210,67,40
chr14,70437212,68,40
chr14,73615407,42,8
chr14,74344733,36,14
chr14,74836478,87,5
chr14,75263334,72,44
chr14,75811054,59,33
chr14,79637729,16,21
chr14,81613792,60,45
chr14,82494853,102,8
chr14,83102463,65,34
chr14,83407740,49,35
chr14,83935913,43,33
chr14,85422266,90,13
chr14,85935687,82,28
chr14,86432244,103,5
chr14,86591027,74,42
chr14,87271408,99,8
chr14,87770362,72,31
chr14,87836989,64,33
chr14,87908429,57,43
chr14,88370692,87,4
chr14,89362780,20,8
chr14,89632437,63,53
chr14,90506406,91,4
chr14,91649678,78,7
chr14,92786659,84,7
chr14,93763716,71,38
chr14,94038238,90,36
chr14,95652754,56,33
chr14,96297692,86,26
chr14,97027820,61,40
chr14,97249428,59,48
chr14,97512469,51,39
chr14,98119436,65,32
chr14,98223548,54,37
chr14,98520145,50,31
chr14,99528234,60,43
chr14,102061691,92,4
chr14,103746377,47,29
chr14,104334339,64,48
chr14,105066914,73,28
chr14,105591756,54,24
chr14,105719604,60,6
chr14,105739604,44,3
chr14,106060015,54,40
chr15,17063440,192,12
chr15,17356648,22,6
chr15,17458963,91,10
chr15,17503878,106,45
chr15,17735850,51,7
chr15,18342600,62,3
chr15,18342602,61,3
chr15,18511711,58,5
chr15,18635281,54,5
chr15,18857068,16,5
chr15,19435263,24,5
chr15,19903142,169,59
chr15,20102072,20,6
chr15,20342705,70,5
chr15,20342712,70,5
chr15,20603344,38,12
chr15,21276173,179,24
chr15,21446202,128,11
chr15,21455011,60,5
chr15,21653980,131,5
chr15,22225163,137,43
chr15,22920975,87,33
chr15,23129964,17,6
chr15,23201779,56,4
chr15,24448783,50,8
chr15,24534532,44,4
chr15,24571406,107,4
chr15,25072094,59,39
chr15,25567165,57,47
chr15,26087374,75,34
chr15,26164825,51,36
chr15,26382358,90,7
chr15,26554176,25,5
chr15,28453320,125,40
chr15,28453343,126,47
chr15,28512586,64,6
chr15,28690905,53,30
chr15,29048289,77,35
chr15,32244441,38,8
chr15,32244443,38,8
chr15,32592420,55,16
chr15,32592817,43,7
chr15,32605320,48,9
chr15,33309202,56,50
chr15,34210729,64,50
chr15,35083633,66,5
chr15,36089073,51,46
chr15,36195811,75,53
chr15,36313201,68,49
chr15,37787663,72,40
chr15,38928693,60,45
chr15,39364361,56,46
chr15,39712102,66,47
chr15,40009102,39,16
chr15,40802631,55,26
chr15,40805526,89,9
chr15,41667912,52,57
chr15,41767285,51,43
chr15,41786777,20,8
chr15,43208736,78,43
chr15,43306670,80,41
chr15,46295751,63,31
chr15,46476097,90,5
chr15,48289429,46,5
chr15,48289431,46,8
chr15,48435778,39,7
chr15,48664511,56,48
chr15,49653421,57,52
chr15,51628451,63,34
chr15,52572011,69,37
chr15,53052196,45,26
chr15,53247964,81,27
chr15,53364559,56,51
chr15,54114306,68,56
chr15,54992840,52,41
chr15,55585469,74,40
chr15,55826816,72,35
chr15,56704984,48,31
chr15,59625541,55,44
chr15,60296004,65,37
chr15,60345249,90,12
chr15,62557715,60,44
chr15,63538609,51,33
chr15,64492761,63,44
chr15,66010422,60,37
chr15,66982188,97,8
chr15,68712459,61,32
chr15,68999333,71,40
chr15,70641720,69,47
chr15,70657492,65,37
chr15,71904284,56,35
chr15,72598731,33,22
chr15,73826267,80,10
chr15,74182682,66,53
chr15,75765142,66,52
chr15,76113054,58,43
chr15,76317473,82,5
chr15,77076832,62,26
chr15,78363690,69,34
chr15,78786072,62,4
chr15,78945878,13,4
chr15,79127528,58,51
chr15,79135178,54,36
chr15,79492682,75,43
chr15,79649449,79,6
chr15,79720421,135,5
chr15,81650197,58,49
chr15,81784870,80,32
chr15,83319072,68,38
chr15,83691913,57,52
chr15,83825330,56,46
chr15,84027843,72,39
chr15,85229575,8,5
chr15,85250078,44,6
chr15,85902344,92,4
chr15,85902346,91,4
chr15,86762046,95,7
chr15,87093526,93,8
chr15,87613689,79,44
chr15,88925637,53,37
chr15,89248886,69,27
chr15,89390363,63,32
chr15,91318840,57,43
chr15,91734370,68,53
chr15,91872884,59,53
chr15,92826753,38,9
chr15,93821098,61,43
chr15,93821100,61,43
chr15,94621801,65,14
chr15,95487343,58,53
chr15,97069607,70,23
chr15,97162983,83,30
chr15,97382268,54,59
chr15,97570911,63,40
chr15,97796722,87,23
chr15,98231295,63,38
chr15,99467525,71,36
chr15,99767600,98,7
chr15,100068706,61,45
chr15,100158173,55,33
chr15,100997051,109,4
chr15,101277123,69,33
chr15,101804072,54,39
chr15,101890490,63,4
chr16,491396,69,37
chr16,765499,80,56
chr16,858153,30,3
chr16,1038569,61,58
chr16,1736704,25,2
chr16,1736735,27,2
chr16,1738031,46,2
chr16,1738046,43,2
chr16,1738783,52,5
chr16,2230105,63,44
chr16,3663496,70,48
chr16,5082149,90,6
chr16,5553140,59,37
chr16,5750477,72,42
chr16,6741860,69,34
chr16,6859111,78,12
chr16,7725134,59,28
chr16,7997668,55,51
chr16,8384280,38,4
chr16,8843172,59,39
chr16,9451997,56,54
chr16,10135776,90,5
chr16,10405200,54,27
chr16,12261484,48,3
chr16,12261487,47,3
chr16,14048327,96,5
chr16,14054107,66,43
chr16,14452089,66,28
chr16,14603066,72,41
chr16,14965901,260,41
chr16,15430404,23,12
chr16,15622549,130,40
chr16,15715033,101,49
chr16,16195896,94,32
chr16,16923163,55,36
chr16,17953521,59,47
chr16,18267837,76,4
chr16,18697643,135,6
chr16,18849713,92,8
chr16,22931460,45,37
chr16,25020593,88,24
chr16,26231907,71,32
chr16,26500866,94,20
chr16,26573174,63,37
chr16,26948482,49,13
chr16,27032779,78,21
chr16,27789866,68,35
chr16,28942585,39,30
chr16,29316494,103,6
chr16,31985633,54,44
chr16,32410853,103,8
chr16,32910128,51,28
chr16,33053933,86,7
chr16,33683053,61,38
chr16,33731148,328,25
chr16,33744755,107,4
chr16,34028776,96,5
chr16,34126413,96,6
chr16,34174104,144,18
chr16,34180672,95,5
chr16,34190114,116,7
chr16,34221036,127,5
chr16,34221038,127,5
chr16,34575351,34,8
chr16,34726496,74,42
chr16,34729543,62,15
chr16,35538341,72,43
chr16,35645821,57,27
chr16,36010323,120,6
chr16,36114896,177,15
chr16,36117787,180,4
chr16,36117789,181,4
chr16,36120956,224,49
chr16,36160128,53,41
chr16,36181013,259,18
chr16,36238582,88,57
chr16,37336059,38,9
chr16,37377172,28,8
chr16,38279779,40,13
chr16,47778922,70,25
chr16,49117056,70,55
chr16,49237570,62,38
chr16,49263360,61,22
chr16,50388015,60,41
chr16,50882170,73,35
chr16,51271955,53,39
chr16,51333626,59,41
chr16,52933052,91,5
chr16,53385082,74,27
chr16,53567980,108,7
chr16,54889071,42,41
chr16,54913171,54,45
chr16,56739421,34,6
chr16,58102118,58,5
chr16,60980207,58,43
chr16,61494095,75,34
chr16,61651805,67,34
chr16,61989477,95,9
chr16,62009035,71,25
chr16,62029713,49,47
chr16,62098474,64,33
chr16,62261917,70,52
chr16,63049474,55,41
chr16,63383755,120,11
chr16,64213653,59,37
chr16,64800795,17,4
chr16,65289172,102,7
chr16,65408723,43,6
chr16,67516738,32,27
chr16,68791188,63,28
chr16,69597001,63,53
chr16,70619742,112,8
chr16,71040870,60,7
chr16,74145498,64,34
chr16,76206157,79,19
chr16,76314973,70,31
chr16,76696196,110,5
chr16,77625362,31,27
chr16,77674026,80,4
chr16,77674029,79,4
chr16,78010753,59,43
chr16,78559958,58,41
chr16,79547482,78,24
chr16,80999114,73,47
chr16,81353861,78,38
chr16,81567420,70,53
chr16,81777437,26,20
chr16,81953909,88,32
chr16,82352152,64,34
chr16,82856583,27,26
chr16,82996364,49,34
chr16,84312550,99,9
chr16,84647293,72,8
chr16,85990080,102,5
chr16,86263699,62,4
chr16,87096363,55,46
chr16,87152429,67,39
chr16,87182796,79,21
chr16,87637534,97,11
chr16,87738532,122,5
chr16,88126909,50,40
chr16,88159223,84,8
chr16,88358712,69,54
chr16,90122482,63,11
chr16,90181472,133,31
chr16,90181596,112,17
chr16,90196260,59,15
chr17,117271,23,4
chr17,117304,24,4
chr17,404435,128,6
chr17,919596,55,50
chr17,1650532,71,41
chr17,2088942,76,39
chr17,3392223,58,45
chr17,4243190,106,5
chr17,5131335,96,9
chr17,5160464,61,34
chr17,6102015,58,47
chr17,6698420,58,34
chr17,7854605,48,21
chr17,8326183,34,21
chr17,9662386,61,38
chr17,9719211,85,25
chr17,10164774,48,37
chr17,10289585,70,5
chr17,10547080,54,49
chr17,10743370,16,16
chr17,11159067,34,27
chr17,11428941,61,49
chr17,12777912,57,42
chr17,13022619,26,8
chr17,14827412,63,37
chr17,15812445,45,5
chr17,15812447,45,5
chr17,16973307,67,44
chr17,17085840,61,35
chr17,17876672,53,47
chr17,18685617,50,5
chr17,20306639,76,58
chr17,20490416,51,6
chr17,20679655,122,6
chr17,20972314,44,15
chr17,21066227,66,49
chr17,21431371,97,7
chr17,21440191,120,6
chr17,21656270,85,5
chr17,21661570,326,9
chr17,21726400,116,10
chr17,21726402,116,10
chr17,21785135,102,6
chr17,21845262,143,7
chr17,21872221,171,10
chr17,21968756,63,8
chr17,22138321,333,58
chr17,22144067,169,10
chr17,22144423,141,12
chr17,22150844,328,41
chr17,22154866,366,58
chr17,22159686,85,12
chr17,22913277,32,9
chr17,26721969,94,10
chr17,26742168,110,6
chr17,26952852,87,9
chr17,26961346,119,8
chr17,26966227,167,15
chr17,26970663,150,13
chr17,26980964,123,6
chr17,27873105,66,51
chr17,27993760,68,36
chr17,28123217,70,23
chr17,32079584,76,5
chr17,33326939,86,32
chr17,33644181,52,25
chr17,33986709,72,24
chr17,34299091,84,5
chr17,34306142,56,43
chr17,34777046,62,37
chr17,35962114,55,44
chr17,37093778,65,36
chr17,37153131,55,49
chr17,37260249,34,6
chr17,37453491,60,32
chr17,40156692,72,24
chr17,43390841,36,30
chr17,43793567,75,35
chr17,43842557,31,2
chr17,43842560,31,2
chr17,44649247,71,45
chr17,46872028,53,38
chr17,46904445,120,10
chr17,47000009,41,7
chr17,47265901,66,50
chr17,47938889,44,23
chr17,48122227,62,39
chr17,48447878,73,42
chr17,48688725,103,5
chr17,49619281,52,47
chr17,49971325,67,46
chr17,50915005,70,33
chr17,52167699,96,8
chr17,52169784,86,10
chr17,52269558,68,27
chr17,55939079,49,29
chr17,56263199,51,45
chr17,56678001,67,56
chr17,57029004,75,39
chr17,57396971,99,7
chr17,59594847,92,6
chr17,59748892,46,21
chr17,60210923,96,11
chr17,60781214,54,45
chr17,62204461,41,28
chr17,62925195,69,43
chr17,64315048,67,35
chr17,64559242,52,23
chr17,64612509,46,33
chr17,65772554,51,37
chr17,67060896,49,42
chr17,67685534,58,53
chr17,67815260,72,38
chr17,68005515,46,34
chr17,68066798,36,19
chr17,68561591,41,24
chr17,69354159,69,40
chr17,70169962,100,4
chr17,70397971,75,43
chr17,71828846,23,9
chr17,71905675,49,35
chr17,73257465,45,34
chr17,74284828,66,38
chr17,74333424,53,34
chr17,74621561,70,45
chr17,75027684,60,34
chr17,76572039,55,31
chr17,77293335,47,45
chr17,78433172,50,53
chr17,80308290,83,14
chr17,80398736,50,36
chr17,80681355,79,44
chr17,80791992,61,43
chr17,80869169,60,29
chr17,80875960,22,4
chr17,82784961,67,5
chr17,83234517,57,7
chr18,689428,94,5
chr18,2311754,34,7
chr18,3719465,59,25
chr18,4853539,61,48
chr18,5114548,100,8
chr18,5147858,52,41
chr18,5428395,76,27
chr18,7077440,103,7
chr18,7486581,48,42
chr18,7904792,57,37
chr18,10431601,60,47
chr18,10634068,108,9
chr18,10652259,28,2
chr18,10652263,28,2
chr18,10960998,78,28
chr18,11112497,81,4
chr18,11152004,81,14
chr18,11799112,43,31
chr18,12853950,72,45
chr18,13408390,31,14
chr18,13498711,60,36
chr18,13564654,46,26
chr18,14360457,82,51
chr18,14977721,56,59
chr18,15386148,105,6
chr18,15470370,20,9
chr18,15470381,19,8
chr18,15475037,14,4
chr18,15594113,32,14
chr18,15670885,81,6
chr18,15671023,19,9
chr18,15714131,29,14
chr18,15727921,21,5
chr18,15756622,185,12
chr18,15763191,20,11
chr18,15892298,27,7
chr18,16618641,23,2
chr18,16644479,50,27
chr18,17122725,147,5
chr18,18100303,14,5
chr18,18512633,38,6
chr18,18529874,27,9
chr18,18565009,19,14
chr18,18745269,23,6
chr18,18793024,18,4
chr18,19107080,40,4
chr18,19124054,17,4
chr18,19206175,44,9
chr18,19207567,21,2
chr18,19207584,21,2
chr18,19848126,11,4
chr18,20735548,14,17
chr18,20808568,141,5
chr18,20971692,69,36
chr18,20971694,72,36
chr18,21546764,84,52
chr18,22215897,54,38
chr18,22479520,109,5
chr18,23263242,66,50
chr18,25263764,53,28
chr18,25615818,65,43
chr18,26861785,51,48
chr18,27339880,53,44
chr18,27339884,54,44
chr18,27472925,56,35
chr18,27624400,104,10
chr18,27651847,71,45
chr18,28422401,78,42
chr18,28800065,49,38
chr18,28800342,43,51
chr18,28800483,56,51
chr18,28945693,68,44
chr18,30082360,58,35
chr18,30426178,55,42
chr18,30513947,60,57
chr18,30521886,113,6
chr18,30533609,87,42
chr18,30881522,37,20
chr18,32050901,32,5
chr18,32394476,76,53
chr18,33613228,84,39
chr18,33774280,71,3
chr18,34529968,74,51
chr18,35690479,134,8
chr18,36048578,40,43
chr18,37169078,80,44
chr18,37642375,79,39
chr18,37857492,39,11
chr18,38030408,91,12
chr18,38274865,57,48
chr18,38932983,69,35
chr18,41119599,68,35
chr18,41801798,68,42
chr18,43089943,69,46
chr18,44035147,11,7
chr18,44275885,53,45
chr18,47345927,47,50
chr18,49403998,55,44
chr18,51118874,67,40
chr18,51437687,87,7
chr18,51495469,60,49
chr18,51618680,58,50
chr18,52427819,50,16
chr18,52735321,64,45
chr18,53143846,56,52
chr18,53168666,59,26
chr18,53168668,59,26
chr18,53756708,70,33
chr18,55242610,42,37
chr18,56182682,68,37
chr18,58579219,58,49
chr18,59070051,51,35
chr18,60157148,61,62
chr18,60968168,74,40
chr18,62004303,79,25
chr18,62961399,67,34
chr18,65104165,58,53
chr18,65865716,94,10
chr18,66521948,54,37
chr18,67225100,49,36
chr18,67500520,58,33
chr18,68693741,70,35
chr18,68860781,48,11
chr18,68915167,71,45
chr18,68974198,48,37
chr18,69213343,88,4
chr18,69835200,71,49
chr18,70697181,66,49
chr18,70900425,64,49
chr18,71579699,73,39
chr18,72679756,68,30
chr18,72928199,51,56
chr18,73208610,73,43
chr18,73622010,90,5
chr18,74135451,65,41
chr18,74847852,60,38
chr18,76180302,65,62
chr18,76251256,62,55
chr18,76664258,66,31
chr18,77036932,25,2
chr18,79481842,76,3
chr18,80105346,50,41
chr19,1026613,64,47
chr19,1613104,57,47
chr19,1756146,94,6
chr19,1958741,26,3
chr19,2812078,77,39
chr19,3443060,130,4
chr19,3642370,76,31
chr19,3888396,104,4
chr19,3964429,33,4
chr19,4011656,62,4
chr19,4029208,61,38
chr19,5046475,72,51
chr19,5440035,63,30
chr19,6410151,48,10
chr19,6917652,56,36
chr19,7249374,107,4
chr19,7274786,61,8
chr19,7676952,71,33
chr19,8080253,80,41
chr19,8390308,73,27
chr19,8687619,33,31
chr19,8775792,19,8
chr19,9192004,54,37
chr19,9402467,55,35
chr19,9456649,100,25
chr19,10889682,70,33
chr19,11195113,60,58
chr19,11699564,80,39
chr19,12046513,47,45
chr19,12876093,40,34
chr19,13264326,66,32
chr19,13415945,58,34
chr19,14745507,81,50
chr19,14781366,54,49
chr19,14932015,76,42
chr19,15779326,28,6
chr19,15824789,83,45
chr19,17802943,74,41
chr19,19168161,55,49
chr19,19521805,59,45
chr19,19688968,56,3
chr19,19694074,62,32
chr19,19980636,69,34
chr19,22481700,65,37
chr19,22675702,92,9
chr19,22799640,53,38
chr19,22808486,57,36
chr19,24405373,171,38
chr19,28049031,79,31
chr19,28397589,66,37
chr19,28610621,70,50
chr19,28911768,78,33
chr19,29151087,48,53
chr19,29411232,52,38
chr19,29411234,52,38
chr19,30296943,55,48
chr19,30611981,63,38
chr19,31077103,101,27
chr19,31298432,49,42
chr19,33425064,47,32
chr19,34877249,73,8
chr19,35788072,48,35
chr19,35934131,131,4
chr19,37249082,54,40
chr19,37864287,58,40
chr19,39045203,62,25
chr19,39096051,79,56
chr19,39289638,53,33
chr19,40117276,53,5
chr19,40118610,38,2
chr19,40118624,40,2
chr19,40136258,53,42
chr19,41090085,96,5
chr19,41735544,54,27
chr19,42156104,65,45
chr19,45349706,42,20
chr19,45870407,94,4
chr19,47422868,49,34
chr19,48896715,63,43
chr19,50123144,12,3
chr19,50136042,665,12
chr19,50170161,23,26
chr19,50875172,72,28
chr19,51042473,110,5
chr19,52435934,40,11
chr19,53834778,68,5
chr19,53834780,68,5
chr19,53847291,91,14
chr19,54055969,59,39
chr19,54078910,75,33
chr19,55757384,65,51
chr19,55850087,27,3
chr19,55850093,31,4
chr19,55942182,81,40
chr19,56176109,108,5
chr19,56176137,95,4
chr19,56731593,56,29
chr19,57072754,48,45
chr19,57351228,94,41
chr19,58541458,15,4
chr21,5227281,308,6
chr21,5227462,71,6
chr21,5311788,73,7
chr21,5317371,11,3
chr21,7319270,81,9
chr21,7969444,380,16
chr21,8042669,104,11
chr21,8237490,37,3
chr21,8760881,404,9
chr21,8786028,212,10
chr21,8995569,352,9
chr21,9081888,17,37
chr21,9188032,82,10
chr21,9348458,177,15
chr21,9537394,159,34
chr21,9721931,261,9
chr21,9876473,288,22
chr21,9885113,262,17
chr21,9887291,313,28
chr21,9921280,259,56
chr21,9922664,244,60
chr21,9937347,249,51
chr21,9941702,310,22
chr21,9941718,327,19
chr21,9974934,237,28
chr21,10325363,103,20
chr21,10369587,209,41
chr21,10378813,43,4
chr21,10378817,41,4
chr21,10409652,158,14
chr21,10454848,395,67
chr21,10455342,385,16
chr21,10455537,600,13
chr21,10474881,282,9
chr21,10481786,159,35
chr21,10483149,215,10
chr21,10488059,205,21
chr21,10631674,263,42
chr21,10728078,82,42
chr21,10751301,420,8
chr21,10813119,316,25
chr21,12978246,193,39
chr21,13070907,91,5
chr21,13339012,108,5
chr21,13561156,57,27
chr21,15578931,67,48
chr21,17238726,82,4
chr21,18099794,101,6
chr21,19231099,69,52
chr21,19772312,90,49
chr21,19852882,69,35
chr21,19957570,56,49
chr21,20407432,61,35
chr21,20972150,99,21
chr21,22544597,57,23
chr21,23082777,61,54
chr21,23387232,48,40
chr21,23604128,63,9
chr21,23898667,53,43
chr21,24058449,68,25
chr21,24175694,68,32
chr21,24377212,80,22
chr21,26213312,58,44
chr21,26871000,75,30
chr21,27008915,57,46
chr21,27283431,76,8
chr21,27749164,66,47
chr21,28283278,56,34
chr21,28478881,87,27
chr21,30105539,51,21
chr21,30182894,74,41
chr21,30867782,47,12
chr21,30915108,62,39
chr21,30973034,63,34
chr21,31708877,65,50
chr21,31843763,36,9
chr21,33059502,68,45
chr21,33121724,70,40
chr21,35413975,55,48
chr21,37372922,61,52
chr21,40037659,108,5
chr21,41085962,46,34
chr21,42770745,25,38
chr21,44282641,37,40
chr21,44419873,67,3
chr21,45224710,36,3
chr21,45525419,23,36
chr22,10718072,256,7
chr22,10723265,44,5
chr22,10730362,353,7
chr22,10770592,210,23
chr22,10770763,285,36
chr22,10773874,408,40
chr22,11340268,278,13
chr22,11340284,268,32
chr22,11340401,237,17
chr22,11351487,236,26
chr22,11596033,227,8
chr22,11810268,75,4
chr22,11810287,79,4
chr22,11946240,49,6
chr22,11946247,49,5
chr22,12285663,37,10
chr22,12285669,37,10
chr22,12289460,68,5
chr22,12293507,47,6
chr22,12313066,178,13
chr22,12327819,118,7
chr22,12372886,71,6
chr22,12438463,101,24
chr22,12540270,93,23
chr22,12592155,225,56
chr22,12594927,370,11
chr22,12615870,270,17
chr22,12630360,258,18
chr22,12696619,268,36
chr22,12708949,293,15
chr22,12709434,93,7
chr22,12715753,87,3
chr22,12715757,87,3
chr22,12716372,91,34
chr22,12716378,94,34
chr22,12722129,182,32
chr22,15328198,95,8
chr22,15408788,29,13
chr22,15830198,53,24
chr22,15951884,70,5
chr22,15952508,20,10
chr22,15952532,38,5
chr22,16030963,93,3
chr22,16055846,124,8
chr22,16090902,112,6
chr22,16418752,114,7
chr22,16434529,119,5
chr22,16451536,172,21
chr22,16542823,66,40
chr22,16542994,54,39
chr22,16906557,88,7
chr22,17020875,107,10
chr22,17147503,71,3
chr22,18002365,100,5
chr22,18238916,57,6
chr22,20000842,58,51
chr22,20335560,83,6
chr22,20418168,50,25
chr22,20418170,50,25
chr22,21009284,80,27
chr22,21221799,28,8
chr22,22110386,59,39
chr22,23147932,78,36
chr22,26343556,56,38
chr22,26587958,66,20
chr22,27200522,58,45
chr22,27915485,61,32
chr22,28520705,66,50
chr22,29865823,63,51
chr22,30397681,54,60
chr22,30627340,93,30
chr22,32519135,70,49
chr22,33452642,60,46
chr22,34741160,75,45
chr22,36086321,76,49
chr22,36874201,67,42
chr22,37194589,59,45
chr22,37824090,68,26
chr22,38909062,118,5
chr22,39332981,107,5
chr22,39811947,58,24
chr22,43079225,103,7
chr22,44801070,20,2
chr22,47820153,25,43
chr22,47904087,6,13
chr22,48388510,25,39
chr22,48523007,29,29
chr22,49834808,19,22
chrX,274597,33,3
chrX,474652,76,6
chrX,492198,86,9
chrX,626150,107,11
chrX,657098,54,5
chrX,1052577,113,14
chrX,1186208,84,3
chrX,1746781,103,7
chrX,2562384,54,32
chrX,3206216,7,38
chrX,6067114,11,19
chrX,8356023,10,46
chrX,9653985,13,44
chrX,9940598,6,43
chrX,12532713,15,34
chrX,13713780,49,5
chrX,14451494,13,31
chrX,16661604,9,33
chrX,16773341,47,3
chrX,17993114,8,42
chrX,22000843,4,37
chrX,22209407,53,8
chrX,23619727,10,42
chrX,25330144,62,7
chrX,27911138,11,50
chrX,28179967,62,6
chrX,28303632,19,24
chrX,31764096,4,41
chrX,32647559,4,31
chrX,32842932,4,41
chrX,33856218,8,35
chrX,35734834,10,55
chrX,36562411,8,44
chrX,37817454,41,3
chrX,38449944,7,34
chrX,42313160,10,37
chrX,44987656,11,35
chrX,46396867,51,3
chrX,46396870,50,3
chrX,46978882,14,49
chrX,48457335,16,38
chrX,53549573,20,29
chrX,53997441,17,43
chrX,56009448,8,62
chrX,56186836,11,46
chrX,57956099,36,4
chrX,58432415,41,4
chrX,58522479,13,33
chrX,59366248,40,6
chrX,63878975,14,28
chrX,64596709,22,29
chrX,64789744,10,33
chrX,65228790,13,52
chrX,69248188,26,31
chrX,70811031,16,40
chrX,71096509,7,38
chrX,76551902,9,33
chrX,77047438,13,37
chrX,77123783,13,37
chrX,77330471,8,49
chrX,78215990,54,3
chrX,78265222,15,47
chrX,78265226,15,48
chrX,79148838,22,28
chrX,81924022,56,5
chrX,81990871,15,27
chrX,82398269,7,47
chrX,82641284,48,4
chrX,83160869,73,5
chrX,84812648,9,49
chrX,85687983,14,27
chrX,88330202,8,44
chrX,89313537,8,28
chrX,90745617,17,45
chrX,91303165,10,36
chrX,92713148,11,36
chrX,92884765,12,40
chrX,93166193,5,42
chrX,93231339,11,43
chrX,93585474,3,28
chrX,95103457,17,47
chrX,95495044,11,41
chrX,105624938,11,40
chrX,109220936,13,40
chrX,109739289,8,38
chrX,111387382,25,33
chrX,111624651,6,46
chrX,112246152,41,5
chrX,115183693,18,28
chrX,117509341,13,55
chrX,119225627,58,4
chrX,119943444,14,59
chrX,120371875,19,30
chrX,120770853,9,41
chrX,121969893,48,9
chrX,123231907,8,46
chrX,123812442,26,2
chrX,124523841,11,44
chrX,126472980,31,6
chrX,127642600,11,32
chrX,131323139,14,21
chrX,131599859,22,27
chrX,131599870,20,24
chrX,131874103,12,42
chrX,132713037,11,38
chrX,139393315,11,36
chrX,139760441,61,9
chrX,140355471,12,47
chrX,141508042,18,3
chrX,143264188,6,53
chrX,143316818,12,37
chrX,143974073,12,43
chrX,145933800,43,8
chrX,147088080,42,7
chrX,147198217,17,36
chrX,147370419,12,41
chrX,147545465,8,46
chrX,148397786,43,5
chrX,148789683,11,55
chrX,148916462,8,40
chrX,150293203,7,35
chrX,152206205,22,28
chrX,153897058,12,39
chrX,154332546,30,15
chrY,3099253,54,10
chrY,3588432,32,36
chrY,4724469,8,39
chrY,6501176,22,47
chrY,7370222,20,18
chrY,8963084,9,33
chrY,9576855,29,33
chrY,10103573,92,7
chrY,10139221,64,5
chrY,10139246,58,4
chrY,10201633,46,4
chrY,10201833,46,13
chrY,10204597,63,25
chrY,10210195,47,4
chrY,10750469,8,33
chrY,10776758,50,6
chrY,10983942,6,14
chrY,11109814,150,7
chrY,11134744,54,5
chrY,11157324,66,4
chrY,11218594,44,4
chrY,11218596,45,4
chrY,11249079,51,10
chrY,11249326,59,8
chrY,11287115,94,8
chrY,11287562,46,19
chrY,11346722,59,8
chrY,11346735,57,8
chrY,11357946,56,7
chrY,11387706,56,18
chrY,11410029,63,10
chrY,11437195,24,35
chrY,11482100,25,33
chrY,11536867,63,3
chrY,11541480,120,39
chrY,11548546,43,7
chrY,11558321,98,10
chrY,12681253,55,4
chrY,13675573,56,4
chrY,16144350,15,24
chrY,16535701,11,12
chrY,16969004,16,40
chrY,20274632,88,2
chrY,20287511,39,3
chrY,20356421,33,30
chrY,26515366,17,39
chrY,26658974,97,5
chrY,56752571,26,5
chrY,56756069,98,4
chrY,56856614,210,8
chrM,1210,2422,305
chrM,2143,533,4549
